model,tag,lof_mode,threshold_method,pack_id,A_windows,A_confirmed,A_far,A_windows_flagged,A_threshold,A_median_score,B_windows,B_confirmed,B_trigger_rate,alarm_day,onset_day
lfaae,lfaae,train_novelty,fixed,6,9127,15,0.0016434754026514737,2116,0.0,-0.20675373758082638,1685,310,0.18397626112759644,115.13436342592593,212.58958333333334
lfaae,lfaae,train_novelty,fixed,8,11147,1222,0.10962590831613887,5247,0.0,-0.018118888224197605,305,57,0.18688524590163935,0.7674768518518519,13.723194444444445
lfaae,lfaae,train_novelty,fixed,9,5093,55,0.01079913606911447,915,0.0,-0.22216451674252236,80,0,0.0,8.171122685185185,3.047025462962963
lfaae,lfaae,train_novelty,fixed,10,1141,86,0.07537248028045573,563,0.0,-0.002304685404691531,72,0,0.0,14.698854166666667,9.888414351851852
lfaae,lfaae,train_novelty,quantile_regression,6,9127,287,0.03144516270406486,4162,0.0,-0.03670940786260113,1685,429,0.2545994065281899,84.14107638888889,212.58958333333334
lfaae,lfaae,train_novelty,quantile_regression,8,11147,2227,0.199784695433749,7067,0.0,0.08046258365495618,305,68,0.22295081967213115,0.7674768518518519,13.723194444444445
lfaae,lfaae,train_novelty,quantile_regression,9,5093,277,0.05438837620263106,2323,0.0,-0.028098528399741474,80,0,0.0,8.171122685185185,3.047025462962963
lfaae,lfaae,train_novelty,quantile_regression,10,1141,210,0.18404907975460122,727,0.0,0.1262753695472303,72,0,0.0,14.698854166666667,9.888414351851852
lfaae,lfaae,train_novelty,binned_quantile,6,9127,0,0.0,998,0.0,-0.39726574804842896,1685,327,0.1940652818991098,115.13436342592593,212.58958333333334
lfaae,lfaae,train_novelty,binned_quantile,8,11147,366,0.03283394635327891,2904,0.0,-0.19335108718984562,305,63,0.20655737704918034,0.7674768518518519,13.723194444444445
lfaae,lfaae,train_novelty,binned_quantile,9,5093,55,0.01079913606911447,872,0.0,-0.2331228150915674,80,0,0.0,8.171122685185185,3.047025462962963
lfaae,lfaae,train_novelty,binned_quantile,10,1141,127,0.11130587204206836,633,0.0,0.04965033343509684,72,0,0.0,14.698854166666667,9.888414351851852
lfaae,lfaae,train_novelty,pack_baseline,6,,,,,,,1685,267,0.15845697329376854,115.14918981481482,212.58958333333334
lfaae,lfaae,train_novelty,pack_baseline,8,,,,,,,305,0,0.0,154.80653935185185,13.723194444444445
lfaae,lfaae,train_novelty,pack_baseline,9,,,,,,,80,0,0.0,16.49445601851852,3.047025462962963
lfaae,lfaae,train_novelty,pack_baseline,10,,,,,,,72,0,0.0,26.212569444444444,9.888414351851852
