model,tag,dataset,pack_id,description,expected_cells,aggregation,variant,n_windows_aggregated,best_rank_of_expected,hit_at_1,hit_at_2,hit_at_3,top3_cells,ranks,mean_score_per_cell
lfaae,lfaae,StandTestData1,6,Increased internal resistance (Cell 8),[8],fault_period,raw,196,1,True,True,True,"[8, 2, 4]",{8: 1},"[3.6633, 9.0556, 4.8076, 7.7637, 5.4717, 6.3098, 4.3882, 60.1373]"
lfaae,lfaae,StandTestData1,6,Increased internal resistance (Cell 8),[8],fault_period,cell_centered,196,1,True,True,True,"[8, 2, 4]",{8: 1},"[-2.2478, 3.1446, -1.1034, 1.8527, -0.4394, 0.3987, -1.5229, 54.2263]"
lfaae,lfaae,StandTestData1,6,Increased internal resistance (Cell 8),[8],last_20pct,raw,196,1,True,True,True,"[8, 2, 4]",{8: 1},"[3.6633, 9.0556, 4.8076, 7.7637, 5.4717, 6.3098, 4.3882, 60.1373]"
lfaae,lfaae,StandTestData1,6,Increased internal resistance (Cell 8),[8],last_20pct,cell_centered,196,1,True,True,True,"[8, 2, 4]",{8: 1},"[-2.2478, 3.1446, -1.1034, 1.8527, -0.4394, 0.3987, -1.5229, 54.2263]"
lfaae,lfaae,StandTestData1,9,Increased internal resistance (Cell 2),[2],fault_period,raw,519,1,True,True,True,"[2, 8, 4]",{2: 1},"[2.4779, 56.4838, 0.6155, 4.7368, 2.1539, 4.2172, 2.6539, 11.2957]"
lfaae,lfaae,StandTestData1,9,Increased internal resistance (Cell 2),[2],fault_period,cell_centered,519,1,True,True,True,"[2, 8, 4]",{2: 1},"[-1.2384, 52.7674, -3.1009, 1.0204, -1.5625, 0.5008, -1.0625, 7.5793]"
lfaae,lfaae,StandTestData1,9,Increased internal resistance (Cell 2),[2],last_20pct,raw,120,1,True,True,True,"[2, 8, 4]",{2: 1},"[6.2387, 175.8252, 2.5466, 12.3661, 6.4106, 11.8796, 9.0543, 28.7622]"
lfaae,lfaae,StandTestData1,9,Increased internal resistance (Cell 2),[2],last_20pct,cell_centered,120,1,True,True,True,"[2, 8, 4]",{2: 1},"[-4.2155, 165.371, -7.9075, 1.9119, -4.0435, 1.4254, -1.3999, 18.308]"
lfaae,lfaae,StandTestData1,10,Increased IR (Cell 8); Abnormal voltage (Cell 7),"[8, 7]",fault_period,raw,1025,1,True,True,True,"[8, 1, 4]","{8: 1, 7: 5}","[12.9853, 11.5568, 4.6749, 12.0, 5.5731, 11.3866, 11.4333, 210.2719]"
lfaae,lfaae,StandTestData1,10,Increased IR (Cell 8); Abnormal voltage (Cell 7),"[8, 7]",fault_period,cell_centered,1025,1,True,True,True,"[8, 1, 4]","{8: 1, 7: 5}","[2.9696, 1.5411, -5.3408, 1.9843, -4.4426, 1.3709, 1.4176, 200.2562]"
lfaae,lfaae,StandTestData1,10,Increased IR (Cell 8); Abnormal voltage (Cell 7),"[8, 7]",last_20pct,raw,219,1,True,True,True,"[8, 1, 4]","{8: 1, 7: 6}","[25.8162, 20.4525, 7.6321, 21.9731, 10.2349, 19.6979, 18.033, 408.7592]"
lfaae,lfaae,StandTestData1,10,Increased IR (Cell 8); Abnormal voltage (Cell 7),"[8, 7]",last_20pct,cell_centered,219,1,True,True,True,"[8, 1, 4]","{8: 1, 7: 6}","[7.923, 2.5593, -10.2612, 4.0798, -7.6584, 1.8046, 0.1397, 390.8659]"
lfaae,lfaae,StandTestData2,1,Abnormal voltage (Cell 7),[7],fault_period,raw,1830,1,True,True,True,"[7, 8, 2]",{7: 1},"[11.0855, 16.5123, 8.714, 12.9055, 8.721, 10.6864, 2151.9796, 27.6965]"
lfaae,lfaae,StandTestData2,1,Abnormal voltage (Cell 7),[7],fault_period,cell_centered,1830,1,True,True,True,"[7, 8, 2]",{7: 1},"[-1.5429, 3.8838, -3.9144, 0.2771, -3.9074, -1.942, 2139.3511, 15.068]"
lfaae,lfaae,StandTestData2,1,Abnormal voltage (Cell 7),[7],last_20pct,raw,366,1,True,True,True,"[7, 8, 2]",{7: 1},"[21.5531, 27.0129, 15.8465, 26.4214, 16.3126, 20.1713, 4653.795, 34.3074]"
lfaae,lfaae,StandTestData2,1,Abnormal voltage (Cell 7),[7],last_20pct,cell_centered,366,1,True,True,True,"[7, 8, 2]",{7: 1},"[-2.4917, 2.9681, -8.1983, 2.3766, -7.7322, -3.8735, 4629.7501, 10.2626]"
lfaae,lfaae,StandTestData2,2,"Increased internal resistance (Cells 6, 8)","[6, 8]",fault_period,raw,305,1,True,True,True,"[6, 2, 8]","{6: 1, 8: 3}","[-0.4581, -0.0842, -1.3916, -1.9531, -1.1362, 0.4237, -0.45, -0.2831]"
lfaae,lfaae,StandTestData2,2,"Increased internal resistance (Cells 6, 8)","[6, 8]",fault_period,cell_centered,305,1,True,True,True,"[6, 2, 8]","{6: 1, 8: 3}","[0.2367, 0.6106, -0.6968, -1.2583, -0.4414, 1.1185, 0.2448, 0.4117]"
lfaae,lfaae,StandTestData2,2,"Increased internal resistance (Cells 6, 8)","[6, 8]",last_20pct,raw,61,1,True,True,True,"[6, 2, 7]","{6: 1, 8: 4}","[-0.479, -0.0989, -1.4996, -1.9955, -1.3537, 0.5811, -0.2478, -0.4728]"
lfaae,lfaae,StandTestData2,2,"Increased internal resistance (Cells 6, 8)","[6, 8]",last_20pct,cell_centered,61,1,True,True,True,"[6, 2, 7]","{6: 1, 8: 4}","[0.3095, 0.6896, -0.7111, -1.207, -0.5652, 1.3696, 0.5407, 0.3157]"
lfaae,lfaae,StandTestData2,3,Increased internal resistance (Cell 7),[7],fault_period,raw,565,1,True,True,True,"[7, 2, 4]",{7: 1},"[3.5512, 9.1361, 4.6816, 8.3231, 4.3754, 4.7169, 175.4008, 4.7504]"
lfaae,lfaae,StandTestData2,3,Increased internal resistance (Cell 7),[7],fault_period,cell_centered,565,1,True,True,True,"[7, 2, 4]",{7: 1},"[-2.12, 3.465, -0.9895, 2.6519, -1.2957, -0.9543, 169.7296, -0.9207]"
lfaae,lfaae,StandTestData2,3,Increased internal resistance (Cell 7),[7],last_20pct,raw,113,1,True,True,True,"[7, 2, 8]",{7: 1},"[14.4325, 18.9107, 7.5655, 14.9792, 10.2396, 15.3408, 774.9836, 17.5016]"
lfaae,lfaae,StandTestData2,3,Increased internal resistance (Cell 7),[7],last_20pct,cell_centered,113,1,True,True,True,"[7, 2, 8]",{7: 1},"[-0.7268, 3.7514, -7.5938, -0.1801, -4.9197, 0.1816, 759.8243, 2.3423]"
lfaae,lfaae,StandTestData2,4,Increased internal resistance (Cell 1),[1],fault_period,raw,15487,1,True,True,True,"[1, 8, 2]",{1: 1},"[9.0756, 0.3372, -0.6738, -1.2811, -1.283, -0.7122, -0.0558, 0.4263]"
lfaae,lfaae,StandTestData2,4,Increased internal resistance (Cell 1),[1],fault_period,cell_centered,15487,1,True,True,True,"[1, 8, 2]",{1: 1},"[9.6642, 0.9258, -0.0852, -0.6925, -0.6944, -0.1237, 0.5328, 1.0149]"
lfaae,lfaae,StandTestData2,4,Increased internal resistance (Cell 1),[1],last_20pct,raw,3097,1,True,True,True,"[1, 4, 8]",{1: 1},"[40.8014, 0.1651, 0.3495, 1.5624, 0.4617, 1.347, 1.1138, 1.4219]"
lfaae,lfaae,StandTestData2,4,Increased internal resistance (Cell 1),[1],last_20pct,cell_centered,3097,1,True,True,True,"[1, 4, 8]",{1: 1},"[39.8093, -0.827, -0.6426, 0.5703, -0.5304, 0.3549, 0.1217, 0.4298]"
lfaae,lfaae,StandTestData2,5,Voltage drop (Cell 5),[5],fault_period,raw,2826,7,False,False,False,"[1, 7, 8]",{5: 7},"[1.5751, -1.1892, -1.0922, -2.1851, -1.7704, -0.8873, 0.0812, -0.0013]"
lfaae,lfaae,StandTestData2,5,Voltage drop (Cell 5),[5],fault_period,cell_centered,2826,7,False,False,False,"[1, 7, 8]",{5: 7},"[2.6065, -0.1579, -0.0609, -1.1538, -0.739, 0.1441, 1.1126, 1.0301]"
lfaae,lfaae,StandTestData2,5,Voltage drop (Cell 5),[5],last_20pct,raw,565,7,False,False,False,"[7, 8, 1]",{5: 7},"[-0.5254, -1.4051, -1.2347, -2.3253, -1.5692, -0.919, 0.1174, -0.025]"
lfaae,lfaae,StandTestData2,5,Voltage drop (Cell 5),[5],last_20pct,cell_centered,565,7,False,False,False,"[7, 8, 1]",{5: 7},"[0.5778, -0.3018, -0.1315, -1.2221, -0.466, 0.1842, 1.2207, 1.0782]"
lfaae,lfaae,StandTestData3,17,Excessive internal resistance (Cell 3),[3],fault_period,raw,2618,1,True,True,True,"[3, 4, 1]",{3: 1},"[11.9443, 11.2811, 95.6435, 13.3604, 9.6604, 9.1356, 7.8296, 7.5981]"
lfaae,lfaae,StandTestData3,17,Excessive internal resistance (Cell 3),[3],fault_period,cell_centered,2618,1,True,True,True,"[3, 4, 1]",{3: 1},"[3.0673, 2.4041, 86.7665, 4.4834, 0.7834, 0.2586, -1.0474, -1.2789]"
lfaae,lfaae,StandTestData3,17,Excessive internal resistance (Cell 3),[3],last_20pct,raw,524,1,True,True,True,"[3, 1, 8]",{3: 1},"[15.2215, 9.8094, 87.5764, 10.9582, 9.7861, 8.2909, 7.2173, 12.7498]"
lfaae,lfaae,StandTestData3,17,Excessive internal resistance (Cell 3),[3],last_20pct,cell_centered,524,1,True,True,True,"[3, 1, 8]",{3: 1},"[5.5898, 0.1777, 77.9446, 1.3265, 0.1544, -1.3409, -2.4145, 3.1181]"
