pack_id,usable,k,persistence,baseline_windows,sigma_floor_abs,onset_cells_pack_min,onset_cells
6,True,3.0,3,3302,0.019240216910839082,10429,"[None, None, None, None, None, None, None, 10429]"
6,True,3.0,5,3302,0.019240216910839082,10593,"[None, None, None, None, None, None, None, 10593]"
6,True,3.0,10,3302,0.019240216910839082,10761,"[None, None, None, None, None, None, None, 10761]"
6,True,3.0,20,3302,0.019240216910839082,10815,"[None, None, None, None, None, None, None, 10815]"
6,True,4.0,3,3302,0.019240216910839082,10429,"[None, None, None, None, None, None, None, 10429]"
6,True,4.0,5,3302,0.019240216910839082,10697,"[None, None, None, None, None, None, None, 10697]"
6,True,4.0,10,3302,0.019240216910839082,10841,"[None, None, None, None, None, None, None, 10841]"
6,True,4.0,20,3302,0.019240216910839082,10841,"[None, None, None, None, None, None, None, 10841]"
6,True,5.0,3,3302,0.019240216910839082,10751,"[None, None, None, None, None, None, None, 10751]"
6,True,5.0,5,3302,0.019240216910839082,10807,"[None, None, None, None, None, None, None, 10807]"
6,True,5.0,10,3302,0.019240216910839082,10852,"[None, None, None, None, None, None, None, 10852]"
6,True,5.0,20,3302,0.019240216910839082,10940,"[None, None, None, None, None, None, None, 10940]"
6,True,6.0,3,3302,0.019240216910839082,10809,"[None, None, None, None, None, None, None, 10809]"
6,True,6.0,5,3302,0.019240216910839082,10859,"[None, None, None, None, None, None, None, 10859]"
6,True,6.0,10,3302,0.019240216910839082,10921,"[None, None, None, None, None, None, None, 10921]"
6,True,6.0,20,3302,0.019240216910839082,10941,"[None, None, None, None, None, None, None, 10941]"
8,True,3.0,3,4704,0.02259972393512726,11217,"[None, None, 11247, 14789, 11217, 11322, None, None]"
8,True,3.0,5,4704,0.02259972393512726,11247,"[None, None, 11247, 14949, 11933, 11322, None, None]"
8,True,3.0,10,4704,0.02259972393512726,11247,"[None, None, 11247, 15039, 11933, 11322, None, None]"
8,True,3.0,20,4704,0.02259972393512726,11471,"[None, None, 11471, 15039, None, 11471, None, None]"
8,True,4.0,3,4704,0.02259972393512726,11359,"[None, None, 11972, 14949, 13413, 11359, None, None]"
8,True,4.0,5,4704,0.02259972393512726,11359,"[None, None, 11972, 14949, 13413, 11359, None, None]"
8,True,4.0,10,4704,0.02259972393512726,11359,"[None, None, 12137, 15039, 13413, 11359, None, None]"
8,True,4.0,20,4704,0.02259972393512726,11486,"[None, None, 12659, 15039, None, 11486, None, None]"
8,True,5.0,3,4704,0.02259972393512726,11452,"[None, None, 11972, 15039, 13460, 11452, None, None]"
8,True,5.0,5,4704,0.02259972393512726,11452,"[None, None, 11972, 15039, 13460, 11452, None, None]"
8,True,5.0,10,4704,0.02259972393512726,11452,"[None, None, 13111, 15039, None, 11452, None, None]"
8,True,5.0,20,4704,0.02259972393512726,12659,"[None, None, 13665, 15039, None, 12659, None, None]"
8,True,6.0,3,4704,0.02259972393512726,11486,"[None, None, 11974, 15434, None, 11486, None, None]"
8,True,6.0,5,4704,0.02259972393512726,11486,"[None, None, 13194, 15653, None, 11486, None, None]"
8,True,6.0,10,4704,0.02259972393512726,12316,"[None, None, 13646, 15653, None, 12316, None, None]"
8,True,6.0,20,4704,0.02259972393512726,12902,"[None, None, 14001, None, None, 12902, None, None]"
9,True,3.0,3,1708,0.03006996363401413,2079,"[2079, 4928, None, None, None, None, None, 3287]"
9,True,3.0,5,1708,0.03006996363401413,4928,"[5272, 4928, None, None, None, None, None, None]"
9,True,3.0,10,1708,0.03006996363401413,4939,"[None, 4939, None, None, None, None, None, None]"
9,True,3.0,20,1708,0.03006996363401413,4976,"[None, 4976, None, None, None, None, None, None]"
9,True,4.0,3,1708,0.03006996363401413,2079,"[2079, 5055, None, None, None, None, None, None]"
9,True,4.0,5,1708,0.03006996363401413,5087,"[None, 5087, None, None, None, None, None, None]"
9,True,4.0,10,1708,0.03006996363401413,5087,"[None, 5087, None, None, None, None, None, None]"
9,True,4.0,20,1708,0.03006996363401413,5118,"[None, 5118, None, None, None, None, None, None]"
9,True,5.0,3,1708,0.03006996363401413,5228,"[None, 5228, None, None, None, None, None, None]"
9,True,5.0,5,1708,0.03006996363401413,5228,"[None, 5228, None, None, None, None, None, None]"
9,True,5.0,10,1708,0.03006996363401413,5264,"[None, 5264, None, None, None, None, None, None]"
9,True,5.0,20,1708,0.03006996363401413,5264,"[None, 5264, None, None, None, None, None, None]"
9,True,6.0,3,1708,0.03006996363401413,5283,"[None, 5283, None, None, None, None, None, None]"
9,True,6.0,5,1708,0.03006996363401413,5283,"[None, 5283, None, None, None, None, None, None]"
9,True,6.0,10,1708,0.03006996363401413,5338,"[None, 5338, None, None, None, None, None, None]"
9,True,6.0,20,1708,0.03006996363401413,5361,"[None, 5361, None, None, None, None, None, None]"
10,True,3.0,3,671,0.02939954400062561,769,"[1930, 769, None, None, None, None, None, 1182]"
10,True,3.0,5,671,0.02939954400062561,1182,"[1930, None, None, None, None, None, None, 1182]"
10,True,3.0,10,671,0.02939954400062561,1194,"[1930, None, None, None, None, None, None, 1194]"
10,True,3.0,20,671,0.02939954400062561,1213,"[1930, None, None, None, None, None, None, 1213]"
10,True,4.0,3,671,0.02939954400062561,769,"[1930, 769, None, None, None, None, None, 1194]"
10,True,4.0,5,671,0.02939954400062561,1194,"[1930, None, None, None, None, None, None, 1194]"
10,True,4.0,10,671,0.02939954400062561,1194,"[1930, None, None, None, None, None, None, 1194]"
10,True,4.0,20,671,0.02939954400062561,1213,"[1930, None, None, None, None, None, None, 1213]"
10,True,5.0,3,671,0.02939954400062561,1205,"[1930, None, None, None, None, None, None, 1205]"
10,True,5.0,5,671,0.02939954400062561,1235,"[1930, None, None, None, None, None, None, 1235]"
10,True,5.0,10,671,0.02939954400062561,1235,"[1930, None, None, None, None, None, None, 1235]"
10,True,5.0,20,671,0.02939954400062561,1235,"[1930, None, None, None, None, None, None, 1235]"
10,True,6.0,3,671,0.02939954400062561,1275,"[1930, None, None, None, None, None, None, 1275]"
10,True,6.0,5,671,0.02939954400062561,1275,"[1930, None, None, None, None, None, None, 1275]"
10,True,6.0,10,671,0.02939954400062561,1275,"[1930, None, None, None, None, None, None, 1275]"
10,True,6.0,20,671,0.02939954400062561,1275,"[1930, None, None, None, None, None, None, 1275]"
