section,key1,key2,key3,key4
env,python,3.12.14,,
env,numpy,2.5.3,,
env,scipy,1.18.1,,
env,pandas,3.0.5,,
env,sklearn,MISSING (ModuleNotFoundError),,
env,matplotlib,3.11.1,,
env,torch,MISSING (ModuleNotFoundError),,
env,pyarrow,25.0.0,,
env,cuda_available,check-failed ModuleNotFoundError,,
env,ram_total_gib,15.8,,
env,ram_available_gib,2.2,,
variables,StandTrainData.mat,Hiddall,double,"(1, 9, 26508)"
variables,StandTrainData.mat,ThisTrainID,double,"(1, 26508)"
variables,StandTrainData.mat,Xall,double,"(256, 20, 26508)"
variables,StandTestData1.mat,Hiddall,float64,"(1, 9, 8110)"
variables,StandTestData1.mat,ThisID1,uint8,"(1, 8110)"
variables,StandTestData1.mat,ThisTimeSlot,"[('_TypeSystem', 'O'), ('_Class', 'O'), ('_ObjectMetadata', 'O')]","(1,)"
variables,StandTestData1.mat,Xall,float64,"(256, 20, 8110)"
variables,StandTestData2.mat,ThisID,uint8,"(1, 21013)"
variables,StandTestData2.mat,ThisTimeSlot,"[('_TypeSystem', 'O'), ('_Class', 'O'), ('_ObjectMetadata', 'O')]","(1,)"
variables,StandTestData2.mat,Xall,float64,"(256, 20, 21013)"
variables,StandTestData3.mat,(whosmat 失败未回退),TypeError,'NoneType' object is not iterable
check,窗口总数,21013,21013,True
check,ID 集合,"[1, 2, 3, 4, 5]","[1, 2, 3, 4, 5]",True
check,ID=1 窗口数,1830,1830,True
check,ID=2 窗口数,305,305,True
check,ID=3 窗口数,565,565,True
check,ID=4 窗口数,15487,15487,True
check,ID=5 窗口数,2826,2826,True
