model,tag,pack_id,window_in_pack,day_from_first_record,lof_score,exceedance_fixed,exceedance_pack_baseline,mean_abs_i,p95_abs_i,disch_frac,mean_v,flagged_fixed,flagged_pack_baseline
lfaae,lfaae,5,1380,589.1815972222222,120.83390811719735,119.21179583038783,519.9747297603556,7.316791534423828,7.562135219573975,0.0,3.118236541748047,True,True
lfaae,lfaae,5,1381,589.196412037037,12.76376616282288,11.14165387601336,45.35359880612217,7.295125961303711,7.6038618087768555,0.01171875,3.2166380882263184,True,True
lfaae,lfaae,5,1382,589.2112152777778,5.4873113916849645,3.865199104875444,13.396953516687438,7.049881935119629,7.2026448249816895,0.0,3.2563767433166504,True,True
lfaae,lfaae,5,677,221.7040509259259,3.9020885531115175,2.279976266301997,6.434991194329678,4.618256568908691,4.647696018218994,0.0,3.4598422050476074,True,True
lfaae,lfaae,5,825,258.3689236111111,3.4135481306061757,1.7914358437966553,4.289425327078047,6.73878812789917,6.9715447425842285,0.0,3.398850202560425,True,True
lfaae,lfaae,5,1415,589.7001041666666,3.351789023805483,1.7296767369959627,4.018192435306301,4.807029724121094,4.90447473526001,0.0,3.481509208679199,True,True
lfaae,lfaae,5,1398,589.4482523148148,3.322590854996721,1.7004785681872006,3.889960273756463,6.196643829345703,6.252563953399658,0.0,3.356377363204956,True,True
lfaae,lfaae,5,824,258.3540972222222,3.288047303846009,1.6659350170364886,3.7382523272521633,7.2547712326049805,7.741880416870117,0.0078125,3.392184019088745,True,True
lfaae,lfaae,5,1400,589.4778935185185,3.268785093408758,1.6466728065992375,3.6536567864573133,6.0335493087768555,6.072818756103516,0.0,3.3612685203552246,True,True
lfaae,lfaae,5,1396,589.4186342592593,3.2365652904438313,1.614453003634311,3.512154248885075,6.418266296386719,6.457986831665039,0.0,3.352825880050659,True,True
lfaae,lfaae,5,1397,589.433449074074,3.2348182553419718,1.6127059685324514,3.5044816414389643,6.322676181793213,6.368113994598389,0.0,3.3545851707458496,True,True
lfaae,lfaae,5,2256,1289.4759837962963,3.183771809840744,1.5616595230312236,3.2802964848652367,7.29155158996582,7.652007579803467,0.0,3.3433609008789062,True,True
lfaae,lfaae,5,823,258.3392824074074,3.1373992104191286,1.5152869236096083,3.0766378684819378,7.765753746032715,7.79323673248291,0.0,3.3883376121520996,True,True
lfaae,lfaae,5,1405,589.5519675925926,3.130720176238975,1.5086078894294548,3.047304967655317,5.828978538513184,5.880234241485596,0.0,3.3794569969177246,True,True
lfaae,lfaae,5,1395,589.4038078703703,3.116867486062753,1.4947551992532329,2.986466891945443,6.492842197418213,6.547859191894531,0.0,3.351149082183838,True,True
