model,tag,lof_mode,q,persistence,threshold,n_labelled,n_detected,detection_rate,median_alarm_index,median_lead_windows,windows_before_onset,confirmed_before_onset,trigger_rate_before_onset
ours,ours_shared_latent,train_novelty,0.9,1,1.219370030298656,4,4,1.0,0.5,192.0,2142,1416,0.6610644257703081
ours,ours_shared_latent,train_novelty,0.9,5,1.219370030298656,4,4,1.0,34.0,173.0,2142,676,0.31559290382819793
ours,ours_shared_latent,train_novelty,0.9,10,1.219370030298656,4,2,0.5,189.0,806.0,2142,496,0.2315592903828198
ours,ours_shared_latent,train_novelty,0.95,1,1.3038957897531278,4,4,1.0,0.5,192.0,2142,1198,0.5592903828197946
ours,ours_shared_latent,train_novelty,0.95,5,1.3038957897531278,4,3,0.75,35.0,297.0,2142,509,0.2376283846872082
ours,ours_shared_latent,train_novelty,0.95,10,1.3038957897531278,4,2,0.5,699.0,296.0,2142,348,0.16246498599439776
ours,ours_shared_latent,train_novelty,0.975,1,1.3922439982589492,4,4,1.0,4.5,190.0,2142,1011,0.47198879551820727
ours,ours_shared_latent,train_novelty,0.975,5,1.3922439982589492,4,2,0.5,384.5,610.5,2142,417,0.19467787114845939
ours,ours_shared_latent,train_novelty,0.975,10,1.3922439982589492,4,2,0.5,718.5,276.5,2142,279,0.13025210084033614
ours,ours_shared_latent,train_novelty,0.99,1,1.5191743576407728,4,4,1.0,4.5,190.0,2142,816,0.38095238095238093
ours,ours_shared_latent,train_novelty,0.99,5,1.5191743576407728,4,2,0.5,655.5,339.5,2142,273,0.12745098039215685
ours,ours_shared_latent,train_novelty,0.99,10,1.5191743576407728,4,2,0.5,775.0,220.0,2142,137,0.06395891690009337
ours,ours_shared_latent,train_novelty,0.995,1,1.622765741806694,4,4,1.0,18.0,190.0,2142,679,0.31699346405228757
ours,ours_shared_latent,train_novelty,0.995,5,1.622765741806694,4,2,0.5,657.5,337.5,2142,181,0.08450046685340803
ours,ours_shared_latent,train_novelty,0.995,10,1.622765741806694,4,2,0.5,803.5,191.5,2142,67,0.03127917833800187
ours,ours_shared_latent,train_novelty,0.999,1,2.218223858327822,4,2,0.5,184.5,810.5,2142,258,0.12044817927170869
ours,ours_shared_latent,train_novelty,0.999,5,2.218223858327822,4,2,0.5,882.0,113.0,2142,16,0.007469654528478058
ours,ours_shared_latent,train_novelty,0.999,10,2.218223858327822,4,0,0.0,,,2142,0,0.0
