model,tag,family,score_method,threshold_mode,threshold_q,threshold_decision,persistence_windows,pack_id,n_windows,alarm_day,onset_day,lead_days,alarm_ever,early_detected,n_confirmed_before_onset,windows_before_onset,trigger_rate_before_onset,condition_finite_fraction,stat_finite_fraction,qhat_min,qhat_median,qhat_max,exceedance_p95,exceedance_max,source,parameter_status,notes
simple,simple_voltage_conditioned_threshold,simple_baseline,peer_spread,fixed,0.99,0.0,5,6,1881,203.15810185185185,212.58958333333334,9.431481481481484,True,True,10,1685,0.005934718100890208,1.0,1.0,0.023245584741525827,0.023245584741525827,0.023245584741525827,0.03333644784492207,0.11123293134618506,scripts/12_phase2_conditioned_threshold.py,phase2_exact,
simple,simple_voltage_conditioned_threshold,simple_baseline,peer_spread,fixed,0.99,0.0,5,8,4533,43.97550925925926,13.723194444444445,-30.252314814814817,True,False,0,305,0.0,1.0,1.0,0.023245584741525827,0.023245584741525827,0.023245584741525827,0.02985480367555282,0.16358253860584226,scripts/12_phase2_conditioned_threshold.py,phase2_exact,
simple,simple_voltage_conditioned_threshold,simple_baseline,peer_spread,fixed,0.99,0.0,5,9,599,17.06833333333333,3.047025462962963,-14.021307870370368,True,False,0,80,0.0,1.0,1.0,0.023245584741525827,0.023245584741525827,0.023245584741525827,0.036667890423850616,0.4472759015700285,scripts/12_phase2_conditioned_threshold.py,phase2_exact,
simple,simple_voltage_conditioned_threshold,simple_baseline,peer_spread,fixed,0.99,0.0,5,10,1097,25.9140625,9.888414351851852,-16.02564814814815,True,False,0,72,0.0,1.0,1.0,0.023245584741525827,0.023245584741525827,0.023245584741525827,0.1892821498817648,0.4262583203219401,scripts/12_phase2_conditioned_threshold.py,phase2_exact,
simple,simple_voltage_conditioned_threshold,simple_baseline,peer_spread,quantile_regression,0.99,0.0,5,6,1881,47.08402777777778,212.58958333333334,165.50555555555556,True,True,104,1685,0.06172106824925816,1.0,1.0,0.007890900332523538,0.013711659403962182,0.03977285274816665,0.037975001704686026,0.11215761287716922,scripts/12_phase2_conditioned_threshold.py,phase2_exact,
simple,simple_voltage_conditioned_threshold,simple_baseline,peer_spread,quantile_regression,0.99,0.0,5,8,4533,21.992766203703702,13.723194444444445,-8.269571759259257,True,False,0,305,0.0,1.0,1.0,0.007700526815869995,0.01268982409384108,0.07070260680792413,0.027068732349444225,0.15061622803523442,scripts/12_phase2_conditioned_threshold.py,phase2_exact,
simple,simple_voltage_conditioned_threshold,simple_baseline,peer_spread,quantile_regression,0.99,0.0,5,9,599,10.613518518518518,3.047025462962963,-7.566493055555554,True,False,0,80,0.0,1.0,1.0,0.008087989788191237,0.01179896819733572,0.03665213397792998,0.04258914068208804,0.43971984057867747,scripts/12_phase2_conditioned_threshold.py,phase2_exact,
simple,simple_voltage_conditioned_threshold,simple_baseline,peer_spread,quantile_regression,0.99,0.0,5,10,1097,14.797430555555556,9.888414351851852,-4.909016203703704,True,False,0,72,0.0,1.0,1.0,0.008049585610229844,0.0163683283548702,0.04745893804412879,0.1868745133433537,0.41276998819204497,scripts/12_phase2_conditioned_threshold.py,phase2_exact,
simple,simple_voltage_conditioned_threshold,simple_baseline,peer_spread,binned_quantile,0.99,0.0,5,6,1881,203.15810185185185,212.58958333333334,9.431481481481484,True,True,9,1685,0.005341246290801187,1.0,1.0,0.025709963229019195,0.026610351575072855,0.026610351575072855,0.030323241546284407,0.10786816451263803,scripts/12_phase2_conditioned_threshold.py,phase2_exact,
simple,simple_voltage_conditioned_threshold,simple_baseline,peer_spread,binned_quantile,0.99,0.0,5,8,4533,43.97550925925926,13.723194444444445,-30.252314814814817,True,False,0,305,0.0,1.0,1.0,0.025709963229019195,0.026610351575072855,0.026610351575072855,0.02717284779064354,0.1611181601183489,scripts/12_phase2_conditioned_threshold.py,phase2_exact,
simple,simple_voltage_conditioned_threshold,simple_baseline,peer_spread,binned_quantile,0.99,0.0,5,9,599,17.144189814814816,3.047025462962963,-14.097164351851852,True,False,0,80,0.0,1.0,1.0,0.025709963229019195,0.026610351575072855,0.026610351575072855,0.03420351193635725,0.44391113473648147,scripts/12_phase2_conditioned_threshold.py,phase2_exact,
simple,simple_voltage_conditioned_threshold,simple_baseline,peer_spread,binned_quantile,0.99,0.0,5,10,1097,31.708622685185187,9.888414351851852,-21.820208333333333,True,False,0,72,0.0,1.0,1.0,0.025709963229019195,0.025709963229019195,0.026610351575072855,0.18645058410475035,0.4228935534883931,scripts/12_phase2_conditioned_threshold.py,phase2_exact,
