pack_id,condition,n_test_windows,n_test_finite,test_finite_fraction,train_min,train_max,test_min,test_median,test_max,n_test_outside_train_range,test_outside_train_range_fraction
6,mean_abs_i,1881,1881,1.0,0.3398633301258087,108.53042602539062,0.4143766164779663,39.03907012939453,82.82514953613281,0,0.0
6,std_i,1881,1881,1.0,0.007540850900113583,83.10762786865234,0.14696095883846283,39.06059265136719,69.9883041381836,0,0.0
6,p95_abs_i,1881,1881,1.0,0.28043538331985474,146.34182739257812,0.26936018466949463,83.5396728515625,95.4045639038086,1,0.000531632110579479
6,disch_frac,1881,1881,1.0,0.0,1.0,0.0,0.4140625,1.0,0,0.0
6,mean_v,1881,1881,1.0,2.9936790466308594,3.6184237003326416,3.063406467437744,3.3474838733673096,3.55558443069458,0,0.0
6,std_v,1881,1881,1.0,0.0009665198158472776,0.23279833793640137,0.0023005276452749968,0.088948555290699,0.19785597920417786,0,0.0
6,range_v,1881,1881,1.0,0.003999948501586914,0.7690000534057617,0.026000022888183594,0.37400007247924805,0.9919998645782471,36,0.019138755980861243
6,mean_t,1881,1881,1.0,-0.9925780296325684,2.0484862327575684,-0.6105469465255737,0.2813964784145355,1.0800782442092896,0,0.0
6,std_t,1881,1881,1.0,0.0,0.6324077248573303,0.010356631129980087,0.05847049131989479,0.17782321572303772,0,0.0
8,mean_abs_i,4533,4533,1.0,0.3398633301258087,108.53042602539062,0.5822516083717346,21.93532943725586,92.95956420898438,0,0.0
8,std_i,4533,4533,1.0,0.007540850900113583,83.10762786865234,0.2811135947704315,23.546104431152344,70.920166015625,0,0.0
8,p95_abs_i,4533,4533,1.0,0.28043538331985474,146.34182739257812,1.4717178344726562,43.94554138183594,145.7049560546875,0,0.0
8,disch_frac,4533,4533,1.0,0.0,1.0,0.0,0.28125,1.0,0,0.0
8,mean_v,4533,4533,1.0,2.9936790466308594,3.6184237003326416,2.9618194103240967,3.3361659049987793,3.49198055267334,3,0.0006618133686300463
8,std_v,4533,4533,1.0,0.0009665198158472776,0.23279833793640137,0.004365543369203806,0.07967371493577957,0.2790600657463074,20,0.004412089124200309
8,range_v,4533,4533,1.0,0.003999948501586914,0.7690000534057617,0.020000219345092773,0.38899993896484375,1.5240000486373901,125,0.02757555702625193
8,mean_t,4533,4533,1.0,-0.9925780296325684,2.0484862327575684,-0.5276367664337158,0.543212890625,1.80908203125,0,0.0
8,std_t,4533,4533,1.0,0.0,0.6324077248573303,0.015167799778282642,0.13918080925941467,0.6408743262290955,1,0.00022060445621001543
9,mean_abs_i,599,599,1.0,0.3398633301258087,108.53042602539062,1.6967101097106934,31.838764190673828,68.01056671142578,0,0.0
9,std_i,599,599,1.0,0.007540850900113583,83.10762786865234,0.9800474643707275,37.20170211791992,65.9632568359375,0,0.0
9,p95_abs_i,599,599,1.0,0.28043538331985474,146.34182739257812,5.127307891845703,85.88432312011719,102.8172378540039,0,0.0
9,disch_frac,599,599,1.0,0.0,1.0,0.0,0.4609375,1.0,0,0.0
9,mean_v,599,599,1.0,2.9936790466308594,3.6184237003326416,3.1588492393493652,3.343289613723755,3.5487709045410156,0,0.0
9,std_v,599,599,1.0,0.0009665198158472776,0.23279833793640137,0.007239372469484806,0.07907167822122574,0.33211466670036316,1,0.001669449081803005
9,range_v,599,599,1.0,0.003999948501586914,0.7690000534057617,0.03399991989135742,0.30699992179870605,2.628999948501587,15,0.025041736227045076
9,mean_t,599,599,1.0,-0.9925780296325684,2.0484862327575684,-0.6774413585662842,0.030078120529651642,0.51171875,0,0.0
9,std_t,599,599,1.0,0.0,0.6324077248573303,0.022764120250940323,0.12804365158081055,0.36176300048828125,0,0.0
10,mean_abs_i,1097,1097,1.0,0.3398633301258087,108.53042602539062,0.5516862869262695,29.200687408447266,85.26395416259766,0,0.0
10,std_i,1097,1097,1.0,0.007540850900113583,83.10762786865234,0.015776142477989197,16.72514533996582,56.76872634887695,0,0.0
10,p95_abs_i,1097,1097,1.0,0.28043538331985474,146.34182739257812,0.5934541821479797,44.50457763671875,95.8337631225586,0,0.0
10,disch_frac,1097,1097,1.0,0.0,1.0,0.0,0.328125,1.0,0,0.0
10,mean_v,1097,1097,1.0,2.9936790466308594,3.6184237003326416,3.1100449562072754,3.368866205215454,3.5537891387939453,0,0.0
10,std_v,1097,1097,1.0,0.0009665198158472776,0.23279833793640137,0.003737430553883314,0.0628410279750824,0.19450171291828156,0,0.0
10,range_v,1097,1097,1.0,0.003999948501586914,0.7690000534057617,0.01699995994567871,0.29399991035461426,1.38100004196167,158,0.1440291704649043
10,mean_t,1097,1097,1.0,-0.9925780296325684,2.0484862327575684,-0.8557617664337158,0.08417969942092896,1.559423804283142,0,0.0
10,std_t,1097,1097,1.0,0.0,0.6324077248573303,1.1920928955078125e-07,0.10021067410707474,1.223776936531067,108,0.09845031905195989
