epoch,lr,train_loss,train_recon,train_late,train_reg,train_late_res,train_late_soc,train_late_res_frac_avail,val_loss,val_recon,val_late,val_reg,val_late_res,val_late_soc,val_late_res_frac_avail
1,0.001,0.564303366636688,0.3446630894799124,2.1964027217843314,38.42116486585953,1.4616003822196613,0.7348023382100192,1.0,0.39855764154344797,0.19997940072789788,1.9857824109494686,136.8776717185974,1.5403778553009033,0.4454045770689845,1.0
2,0.001,0.34239657765085046,0.16070213372057135,1.8169444176283749,131.8841383673928,1.3800353678790005,0.43690904060548,1.0,0.3714493801817298,0.17149898875504732,1.9995038844645023,181.4419288635254,1.5787792317569256,0.4207246582955122,1.0
3,0.001,0.31356202641671355,0.1412251043895429,1.7233691906387156,179.45446187799627,1.3460873649878935,0.3772818222641945,1.0,0.3653601612895727,0.14550490584224463,2.1985524892807007,246.1011848449707,1.4508397541940212,0.7477127518504858,1.0
4,0.001,0.29612641933966766,0.12618745330043815,1.699389641935175,204.94822640852496,1.3334579542279243,0.36593169312585483,1.0,0.315293001011014,0.13571054837666452,1.7958244793117046,233.17427921295166,1.4412694852799177,0.35455500427633524,1.0
5,0.001,0.2796592746268619,0.1149912883781574,1.6466798172755674,210.63981264287776,1.3139243545857342,0.33275545794855466,1.0,0.31682048831135035,0.13051887787878513,1.863016054034233,251.3013687133789,1.479799473658204,0.38321657478809357,1.0
6,0.001,0.26666443557901814,0.10359421888874336,1.6307021433656865,224.3989290757613,1.307353449138728,0.3233486901630055,1.0,0.30783264245837927,0.11590496893040836,1.9192766584455967,241.10558414459229,1.4904495626688004,0.42882710229605436,1.0
7,0.001,0.25243553959510545,0.09327081743289124,1.5916471887718548,225.17450228604403,1.288932197473266,0.3027149894359437,1.0,0.286062796600163,0.10346702649258077,1.825957715511322,248.6394739151001,1.4906314946711063,0.33532624738290906,1.0
8,0.001,0.24067567051811653,0.0828844490037723,1.5779121829704805,217.67462452975187,1.2793956981463865,0.2985164804214781,1.0,0.26844971906393766,0.09303726023063064,1.7541245445609093,229.39783191680908,1.4511642418801785,0.30296027986332774,1.0
9,0.001,0.22983490099961107,0.07522886872968891,1.5460602939128876,214.50857197154653,1.2585814493623646,0.2874788413332267,1.0,0.2712816959246993,0.08655433938838542,1.847273550927639,238.54324054718018,1.3905634582042694,0.4567100666463375,1.0
10,0.001,0.22147258879108864,0.06956148765642535,1.519110997969454,214.46170512112704,1.2475229772654446,0.27158802205866034,1.0,0.26360067166388035,0.08576250553596765,1.7783816121518612,235.84246349334717,1.4580747839063406,0.32030685571953654,1.0
11,0.001,0.21243927323005415,0.06313565792515874,1.4930361184206875,215.815485867587,1.222308066080917,0.27072804725982924,1.0,0.26661923434585333,0.07523902633693069,1.9138020500540733,232.80459785461426,1.4194969069212675,0.4943051729351282,1.0
12,0.001,0.2042797217992219,0.058094959748400885,1.4618475911292164,216.26942322470924,1.2018106051466682,0.26003698039461265,1.0,0.23426415584981441,0.06852771376725286,1.6573643572628498,227.29208374023438,1.3649053573608398,0.2924589980393648,1.0
13,0.001,0.19906379519538445,0.05588374024426395,1.431800521232865,217.83951031077993,1.1775613264604048,0.25423919003118167,1.0,0.23595243133604527,0.06909130665007979,1.6686112321913242,236.24676322937012,1.3206748273223639,0.34793642116710544,1.0
14,0.001,0.19173411364582452,0.051884563131765885,1.3984954736449502,219.52178261496803,1.1537006118080833,0.24479486234486103,1.0,0.21903683431446552,0.06162292021326721,1.5741391144692898,228.14910793304443,1.3275210577994585,0.2466180738992989,1.0
15,0.001,0.18824295056137172,0.049609195568006144,1.3863375214013187,217.67622202092952,1.1379736363887787,0.24836388281123203,1.0,0.21496580727398396,0.059082079911604524,1.5588372386991978,229.1762752532959,1.2972119394689798,0.2616252941079438,1.0
16,0.001,0.18307470665736633,0.04745079183273695,1.3562391183593057,218.55298458446157,1.1189524057236584,0.23728670518506656,1.0,0.22212837496772408,0.058336825924925506,1.6379154026508331,229.41722774505615,1.3159542959183455,0.32196108624339104,1.0
17,0.001,0.17983274381946435,0.04557189806787805,1.3426084301688455,216.87143689935857,1.096960835158825,0.2456475912847302,1.0,0.2159775379113853,0.05255538679193705,1.6342215090990067,227.16348361968994,1.3787547834217548,0.25546671729534864,1.0
18,0.001,0.1738910602236336,0.042503606866706505,1.3138745095242153,217.74849874323064,1.0898775837638162,0.22399692474441094,1.0,0.21459330199286342,0.05292216606903821,1.6167113035917282,230.95749282836914,1.3795905411243439,0.23712077597156167,1.0
19,0.001,0.17168071679770947,0.04113892878575081,1.3054178533228962,218.7507112676447,1.0783717090433294,0.22704614546488633,1.0,0.2089163507334888,0.04998705070465803,1.5892930030822754,229.14822483062744,1.3039120249450207,0.28538096556439996,1.0
20,0.001,0.16886660727587613,0.040496430888941344,1.283701736141335,218.41262435913086,1.057119787416675,0.22658195295794445,1.0,0.19558184826746583,0.04764308570884168,1.4793876148760319,227.76835536956787,1.2526023872196674,0.22678524535149336,1.0
21,0.001,0.16477840596979315,0.03867323878644542,1.2610516609116034,219.64532106572932,1.0498349151828072,0.21121674064885487,1.0,0.20302013587206602,0.0506988822016865,1.523212492465973,230.36228466033936,1.2741013150662184,0.24911119369789958,1.0
22,0.001,0.16357556882907043,0.03777380084449595,1.2580176612192935,218.6317006891424,1.0400495007634163,0.21796816113320264,1.0,0.19538471847772598,0.04690270859282464,1.484820120036602,229.4808692932129,1.2408757396042347,0.24394437251612544,1.0
23,0.001,0.1595595223321156,0.03635435521771962,1.2320516481995583,219.35930997675115,1.0200648043643346,0.21198685001581907,1.0,0.1897746380418539,0.045475581428036094,1.4429905414581299,229.51139545440674,1.2327752467244864,0.2102152903098613,1.0
24,0.001,0.15713051994415847,0.03491313613697209,1.222173808650537,219.33125218478116,1.0084959844296628,0.21367782218889755,1.0,0.19212236115708947,0.04617878526914865,1.4594357386231422,231.27986526489258,1.2170022167265415,0.2424335116520524,1.0
25,0.001,0.15526552735404534,0.0355360542466356,1.197294714098627,219.02714920043945,0.9990295855836435,0.1982651325789365,1.0,0.20408707950264215,0.0458020098740235,1.582850657403469,232.196195602417,1.1977214999496937,0.38512915885075927,1.0
26,0.001,0.15362639623609456,0.03362498853609643,1.2000140568072146,219.96799503673208,1.0005599890242924,0.19945406625893983,1.0,0.1977233486250043,0.042974912910722196,1.5474843531847,233.12847805023193,1.2533985748887062,0.2940857703797519,1.0
27,0.001,0.15156279834495348,0.033192069650712336,1.1837072595953941,219.76841423728249,0.9883481270887635,0.19535912717269224,1.0,0.18553396733477712,0.04441445233533159,1.4111951142549515,228.00603199005127,1.17910810187459,0.23208702635020018,1.0
28,0.001,0.15098995732312853,0.03300764530219815,1.179823100566864,217.43066215515137,0.9742264449596405,0.20559665001928806,1.0,0.1954301781952381,0.04611206229310483,1.4931811057031155,221.7100419998169,1.2755802795290947,0.21760083409026265,1.0
29,0.001,0.14703341446478257,0.03078683592717756,1.1624657620083203,217.73031078685415,0.9702521562576294,0.19221361218528313,1.0,0.18358252057805657,0.041433368576690555,1.421491488814354,230.15420150756836,1.1797919198870659,0.24169955821707845,1.0
30,0.001,0.14638032069937748,0.030855034520341593,1.15525284409523,218.09391749988902,0.9615954208103094,0.19365742489356885,1.0,0.18285424169152975,0.0431019093375653,1.3975232802331448,228.66233158111572,1.1286931075155735,0.26883019926026464,1.0
31,0.001,0.1454486415975473,0.030805142130702734,1.1464349776506424,218.5325847972523,0.9523799995129759,0.1940549858422442,1.0,0.1859686030074954,0.03943591268034652,1.4653268866240978,225.38587474822998,1.2399862818419933,0.2253406122326851,1.0
32,0.001,0.14251452836800704,0.02958478700284931,1.12929740074006,218.59153816916725,0.9443625787442381,0.18493481818586588,1.0,0.17378997197374701,0.03816810413263738,1.3562186621129513,228.4659481048584,1.1601963303983212,0.19602231588214636,1.0
33,0.001,0.14123672213066707,0.028699739201163702,1.125369811599905,219.05766643177378,0.9463654519482092,0.1790043596516956,1.0,0.178817140404135,0.03862971847411245,1.4018741957843304,228.8317642211914,1.1696395091712475,0.23223469336517155,1.0
34,0.001,0.14096673772754995,0.029057677623561838,1.1190905774181539,218.55770007046786,0.9415378706021742,0.17755271003327586,1.0,0.1714153978973627,0.039669937919825315,1.3174545727670193,226.7023048400879,1.0994854494929314,0.21796912653371692,1.0
35,0.001,0.13944631086831744,0.02839584762907841,1.1105046143585986,218.70259909196332,0.9323740615086122,0.17813055572861974,1.0,0.17520543234422803,0.037452973949257284,1.377524521201849,227.6606683731079,1.1913639642298222,0.18616056838072836,1.0
36,0.001,0.13885617916556922,0.0277227396145463,1.111334389583631,218.19740451465952,0.9311743405732241,0.18016005637632174,1.0,0.18169731041416526,0.043270318885333836,1.3842698708176613,226.21396732330322,1.161902692168951,0.22236718889325857,1.0
37,0.001,0.13617313831028613,0.027067531598731875,1.0910560509020633,217.2223158749667,0.9205602292310108,0.17049582344903189,1.0,0.17468746937811375,0.03885076753795147,1.3583669811487198,227.34342670440674,1.1164516042917967,0.24191538011655211,1.0
38,0.001,0.1348535321144895,0.02643175124698742,1.0842177908528934,218.18605683066627,0.9146406901153651,0.16957710039886562,1.0,0.17345123179256916,0.041919800569303334,1.3153142854571342,226.12271976470947,1.1150145083665848,0.2002997836098075,1.0
39,0.001,0.13527299133552748,0.026559362780641426,1.0871362740343267,216.82771994850853,0.9086023487827994,0.17853392059491438,1.0,0.17051507998257875,0.035875892848707736,1.3463918529450893,225.6138572692871,1.098397221416235,0.24799461290240288,1.0
40,0.001,0.1324023794044148,0.025963639459488066,1.0643873824314638,217.1391939683394,0.8976216871630062,0.1667656944218007,1.0,0.16331554763019085,0.036175304965581745,1.271402396261692,225.16446113586426,1.0615398660302162,0.20986253628507257,1.0
41,0.001,0.13145038070665163,0.025221505033021622,1.0622887462377548,217.71857157620516,0.8953873108733784,0.16690143798901277,1.0,0.15885818470269442,0.037880353338550776,1.209778267890215,225.36330890655518,1.018648786470294,0.19112948374822736,1.0
42,0.001,0.13195794702253558,0.02616313474506817,1.0579481063918634,217.75700430436567,0.8892556659199975,0.16869244385849347,1.0,0.16888427641242743,0.03786171250976622,1.3102256320416927,223.31577491760254,1.1084600277245045,0.20176560361869633,1.0
43,0.001,0.13075951901687818,0.024171253623948855,1.0658826326782054,216.0152926011519,0.8830634104934606,0.18281922133808787,1.0,0.1684409398585558,0.03678927122382447,1.3165166415274143,224.82012844085693,1.1234333254396915,0.19308332144282758,1.0
44,0.001,0.12880948660048572,0.02435610561885617,1.044533802027052,216.58263778686523,0.8784776363860477,0.16605616775764662,1.0,0.16725688055157661,0.033308012410998344,1.3394886553287506,223.91218948364258,1.121642753481865,0.21784590953029692,1.0
45,0.001,0.1267859082330357,0.023985480953177266,1.028004252775149,217.2090358734131,0.8666853403503244,0.16131891420280392,1.0,0.16590404557064176,0.03525933844503015,1.3064470514655113,224.86337184906006,1.1184169575572014,0.18803009181283414,1.0
46,0.001,0.1253585180437023,0.02360164033333686,1.0175687609748407,216.80032712763006,0.8609034263274886,0.1566653327847069,1.0,0.15913027059286833,0.03550965082831681,1.2362061701714993,227.67479133605957,1.0521608404815197,0.18404533760622144,1.0
47,0.001,0.1259632349352945,0.023847229313105345,1.0211600410667332,217.81708665327594,0.8637086728757079,0.15745137140832163,1.0,0.16801306838169694,0.037904434895608574,1.3010863214731216,222.72949409484863,1.1103148125112057,0.19077152013778687,1.0
48,0.0005,0.1198024537244981,0.02140503654002466,0.983974159441211,217.8136021007191,0.8408736633983526,0.1431004958735271,1.0,0.15265861805528402,0.03231742698699236,1.2034118808805943,228.02284049987793,1.0303859189152718,0.17302598524838686,1.0
49,0.0005,0.11787514405494387,0.020501983394338327,0.9737315990708091,220.06336368214,0.8361259604042227,0.13760563875125212,1.0,0.1561292358674109,0.03221735643455759,1.2391187846660614,228.48581314086914,1.0528362058103085,0.18628257978707552,1.0
50,0.0005,0.11745991532436827,0.020358768418769945,0.9710114496675405,220.51132757013494,0.8323852474039252,0.13862620217894966,1.0,0.15393768856301904,0.03237186110345647,1.2156582698225975,230.9399938583374,1.0077715683728456,0.20788670424371958,1.0
51,0.0005,0.1172601633112539,0.020245275989344173,0.9701488580216061,221.09804916381836,0.829540258104151,0.14060860440473666,1.0,0.15223732683807611,0.03238274168688804,1.1985458247363567,228.59599113464355,0.9916130471974611,0.20693277288228273,1.0
52,0.0005,0.11698102062060074,0.02022022825919769,0.9676079032095996,221.84372797879305,0.8309988562356342,0.13660904959860173,1.0,0.14883440034464002,0.031340254412498325,1.1749414466321468,229.67671871185303,1.024376954883337,0.15056451060809195,1.0
53,0.0005,0.1165585709227757,0.020024508724666455,0.9653406102548946,221.96155964244497,0.8241370557384058,0.141203556379134,1.0,0.15215557534247637,0.0314920938690193,1.2066348120570183,230.63720226287842,1.0251366384327412,0.18149818619713187,1.0
54,0.0005,0.11522567280652848,0.019748616180467336,0.9547705487771467,222.22105823863637,0.8190546631813049,0.1357158852571791,1.0,0.15121369576081634,0.03483879321720451,1.1637489832937717,231.428316116333,0.9946229793131351,0.1691260093357414,1.0
55,0.0005,0.11497772341086106,0.019929156913845378,0.950485650788654,222.63464823636141,0.8141684444113211,0.13631720502268185,1.0,0.15357967698946595,0.031677485560067,1.2190218977630138,233.0233612060547,1.022024817764759,0.19699707231484354,1.0
56,0.0005,0.11442501995373856,0.01988834778735922,0.9453667029738426,223.0217685699463,0.8141495538028803,0.13121715001761913,1.0,0.15340854646638036,0.032058199984021485,1.2135034464299679,232.01430797576904,0.9932182058691978,0.2202852452173829,1.0
57,0.0005,0.1142493411051956,0.019599393793297084,0.9464994519948959,223.3401927947998,0.8131364807486534,0.13336297344755044,1.0,0.14744806522503495,0.033755301614291966,1.1369276121258736,230.6202802658081,0.977742787450552,0.15918481699191034,1.0
58,0.0005,0.11407602646134117,0.019696058335036716,0.9437996629964222,223.41794828935102,0.8082904307679697,0.1355092301118103,1.0,0.15273496275767684,0.030791414785198867,1.2194354571402073,230.6867504119873,0.9741496033966541,0.24528585048392415,1.0
59,0.0005,0.1137713057581674,0.019709083759649235,0.9406222016973929,223.01532849398527,0.805736440826546,0.13488576527346263,1.0,0.14824520889669657,0.030727368022780865,1.1751784048974514,231.05849742889404,1.0200938656926155,0.1550845296587795,1.0
60,0.0005,0.11272405485876581,0.01966917570892044,0.9305487695065412,223.11178796941584,0.7981008860197935,0.13244788653471254,1.0,0.1447358657605946,0.03202859160955995,1.1270726956427097,230.50504207611084,0.9524073712527752,0.17466532485559583,1.0
61,0.0005,0.1121921692551537,0.019215202414092015,0.9297696528109637,223.952731219205,0.7971842295744203,0.13258542340587487,1.0,0.14811764797195792,0.032411512336693704,1.1570613197982311,232.36345958709717,0.9493633788079023,0.20769792678765953,1.0
62,0.0005,0.1106565168804743,0.01884487240617587,0.9181164299899881,223.19760391928932,0.7914077280597254,0.1267086984589696,1.0,0.151831628754735,0.03158285585232079,1.2024877034127712,234.68829536437988,0.9849925972521305,0.217495106626302,1.0
63,0.0005,0.11175138232382861,0.019489790725691073,0.9226159046996724,224.76512510126287,0.7925464361906052,0.1300694653764367,1.0,0.14199060667306185,0.031919104570988566,1.1007149741053581,232.14841175079346,0.931978490203619,0.16873649484477937,1.0
64,0.0005,0.110148085789247,0.018875672481954098,0.9127241163091226,224.3217624317516,0.7869173911484805,0.12580672939392654,1.0,0.14103912888094783,0.031169726920779794,1.0986939892172813,235.8528470993042,0.9319818038493395,0.1667121909558773,1.0
65,0.0005,0.11000952471724966,0.018609921670180152,0.9139960198239847,224.06994160738859,0.787315930832516,0.1266800877214833,1.0,0.14440788142383099,0.031108319526538253,1.1329955980181694,232.49170112609863,0.9799076523631811,0.15308795985765755,1.0
66,0.0005,0.10916711517016996,0.01841797672254457,0.9074913717129014,224.9686060818759,0.7812451774423773,0.1262461936778643,1.0,0.15353555791079998,0.03162066696677357,1.219148874282837,232.72556114196777,1.0583371259272099,0.16081174742430449,1.0
67,0.0005,0.10901255312968385,0.01883904236919162,0.90173508904197,224.6395629536022,0.7753641354766759,0.12637095077132637,1.0,0.15198579104617238,0.03112058056285605,1.2086520940065384,234.10605716705322,1.0241853222250938,0.18446677713654935,1.0
68,0.0005,0.10834985581988638,0.018108568143692206,0.9024128642949191,224.77706371654165,0.7766160829500719,0.1257967817681757,1.0,0.1412816559895873,0.03169670852366835,1.0958494246006012,233.28933906555176,0.9460532106459141,0.14979620277881622,1.0
69,0.0005,0.10819792806763541,0.018530055615966292,0.8966787017204545,224.73990856517446,0.7720519588752226,0.12462674292989752,1.0,0.1489846697077155,0.03201512823579833,1.1696953848004341,235.2922191619873,0.9839015752077103,0.18579382169991732,1.0
70,0.0005,0.10702859898182479,0.017761718513528733,0.8926687945019115,224.64382015575063,0.7684654159979387,0.12420337317003445,1.0,0.14456526236608624,0.031189553439617157,1.133757084608078,233.8771800994873,0.9728387966752052,0.1609182800166309,1.0
71,0.00025,0.10446963628584688,0.017156460184857926,0.8731317459182306,224.57124935496938,0.7585592364723032,0.11457251342521473,1.0,0.14044404355809093,0.030653882888145745,1.0979015789926052,233.51171970367432,0.9317208509892225,0.16618072311393917,1.0
72,0.00025,0.10419520168480548,0.01695137243421579,0.8724382736466147,225.42826999317515,0.7564952231266282,0.11594305153597485,1.0,0.13878614455461502,0.031185148109216243,1.0760099478065968,233.7229232788086,0.9242311958223581,0.15177876083180308,1.0
73,0.00025,0.10351971909403801,0.01662312263876877,0.8689659522338347,226.07632116837934,0.7549663240259344,0.11399962456727569,1.0,0.1377128385938704,0.029797091556247324,1.0791574716567993,233.82065105438232,0.9221505858004093,0.15700688515789807,1.0
74,0.00025,0.1030084030194716,0.016360608850267123,0.8664779277010397,226.13468412919477,0.7527340173043988,0.1137439099733125,1.0,0.13735038181766868,0.030378973518963903,1.0697140507400036,233.88809490203857,0.9198813121765852,0.14983274671249092,1.0
75,0.00025,0.10288242479278283,0.016553632989102465,0.8632879067551006,226.61631445451215,0.7512881457805634,0.11199975589459593,1.0,0.14606483979150653,0.029459123965352774,1.1660571359097958,235.06831073760986,0.9996400624513626,0.16641706647351384,1.0
76,0.00025,0.10268792874095115,0.01638419479555027,0.8630373274738138,227.22232419794256,0.7517800933935426,0.11125723492692817,1.0,0.13896526815369725,0.030394160363357514,1.0857110396027565,234.5475492477417,0.9496317207813263,0.13607932510785758,1.0
77,0.00025,0.10251990163868124,0.016806087382561105,0.8571381318298253,227.20659429376775,0.747590912336653,0.10954722076315772,1.0,0.14063593093305826,0.03095648920862004,1.0967943966388702,235.11320114135742,0.9250317644327879,0.17176263174042106,1.0
78,0.00025,0.10229534562677145,0.016344022545540196,0.8595132163979791,227.6281599564986,0.7486298280683431,0.11088338663632219,1.0,0.14147015754133463,0.029211621324066073,1.1225853376090527,235.21614456176758,0.948558347299695,0.1740269805304706,1.0
79,0.00025,0.10140503375706347,0.016239043134687978,0.8516598906029355,227.70607341419566,0.7423593794757669,0.10930050994184884,1.0,0.1395766637288034,0.029466002830304205,1.101106595247984,235.82110691070557,0.9287124704569578,0.17239412455819547,1.0
80,0.00025,0.10147629999978976,0.016124530250883916,0.8535176833922212,227.93129418113014,0.7415961521593007,0.11192153191024606,1.0,0.13857360603287816,0.02895566588267684,1.0961793698370457,235.60843753814697,0.9494196306914091,0.14675973285920918,1.0
81,0.000125,0.09990849616852673,0.015520529038357463,0.8438796529715712,227.8475319255482,0.7363848212090406,0.10749483133920214,1.0,0.1368289589881897,0.028781951317796484,1.08047004789114,236.87890815734863,0.9303482696413994,0.1501217787154019,1.0
82,0.000125,0.099695873870091,0.015473683057776228,0.8422218981114301,228.49472305991432,0.7361224686557596,0.10609943051399155,1.0,0.137711884919554,0.0290216586436145,1.0869022272527218,237.4632043838501,0.9345467071980238,0.15235553146339953,1.0
83,0.000125,0.09942238549278541,0.015427141069349918,0.8399524302645163,228.58681470697576,0.7354028340090405,0.10454959964210336,1.0,0.1355300690047443,0.030158850539010018,1.0537121817469597,237.37732982635498,0.9090905394405127,0.14462162647396326,1.0
84,0.000125,0.09962589437650009,0.015633801950819114,0.8399209129539403,228.85885828191584,0.7343119216913526,0.10560899193991315,1.0,0.13677206076681614,0.029165203566662967,1.0760685503482819,237.42575073242188,0.9295755214989185,0.14649303467012942,1.0
85,0.000125,0.09941744905981151,0.015420834099958565,0.8399661312049086,228.79764210094106,0.7339452173222195,0.10602091879329899,1.0,0.13694426650181413,0.028905098501127213,1.0803916566073895,237.3154697418213,0.9373511467128992,0.14304049895145,1.0
86,0.000125,0.09914578683674335,0.015401917827230964,0.8374386734583161,229.13829369978473,0.7335344295610081,0.1039042416960001,1.0,0.13516881363466382,0.02948765514884144,1.0568115822970867,238.48471069335938,0.9063999578356743,0.15041163668502122,1.0
87,0.000125,0.09895948727022517,0.015393088370646265,0.8356639783490788,229.5384218042547,0.7320344644513997,0.1036295114423741,1.0,0.1381279700435698,0.02945835853461176,1.086696084588766,237.9378538131714,0.9421841651201248,0.1445119078271091,1.0
88,0.000125,0.09893669238822027,0.015253615015271034,0.8368307609449733,229.70783511075106,0.7318482371893796,0.10498252151195299,1.0,0.13482667366042733,0.02903205342590809,1.0579461865127087,237.78280544281006,0.9219785928726196,0.1359675945714116,1.0
89,0.000125,0.0987209692936052,0.01546879984777082,0.8325216776945374,229.7558650970459,0.7291724749586799,0.10334920612248508,1.0,0.13556653819978237,0.02939759974833578,1.0616893619298935,238.8320074081421,0.9197371080517769,0.141952263424173,1.0
90,0.000125,0.09877438733184879,0.015219393503767524,0.8355499228293245,230.19543925198641,0.7321227639913559,0.10342715976929123,1.0,0.1343419528566301,0.028932044690009207,1.0540990494191647,239.8882532119751,0.9132832735776901,0.14081577444449067,1.0
91,0.000125,0.09825115989555012,0.015311395294371654,0.8293976316397841,230.27283980629662,0.7258555977181955,0.10354203396392139,1.0,0.13617579452693462,0.02960540441563353,1.0657038874924183,238.66301822662354,0.9202030003070831,0.1455008874181658,1.0
92,0.000125,0.09837554649195888,0.015212563311003825,0.8316298201680183,230.442456852306,0.7289846146648581,0.10264520499516618,1.0,0.13678078958764672,0.029897161526605487,1.0688362680375576,238.59104347229004,0.9097775593400002,0.15905871312133968,1.0
93,0.000125,0.09830089108171788,0.015199093804271384,0.8310179608789358,230.55915745821866,0.7267286638644609,0.1042892997237769,1.0,0.1355149857699871,0.029111907701008022,1.0640307553112507,239.7293348312378,0.9080267455428839,0.15600402816198766,1.0
94,0.000125,0.09808439583602277,0.0150316843170334,0.8305271017280492,230.58256062594327,0.7267351455309174,0.10379195755178278,1.0,0.13542450964450836,0.028761295252479613,1.0666321367025375,239.19022846221924,0.919887425377965,0.14674469619058073,1.0
95,0.000125,0.09787207469344139,0.015028907250697639,0.8284316564148123,230.92736677689985,0.7255538918755271,0.10287776619026606,1.0,0.1319629792124033,0.028521412168629467,1.0344156585633755,240.42442321777344,0.8966097049415112,0.13780593744013458,1.0
96,0.000125,0.09781764769418673,0.015139810328202491,0.8267783563245427,231.070180719549,0.7242445593530481,0.1025337955321778,1.0,0.13592308666557074,0.028718419838696718,1.0720466449856758,240.13417434692383,0.9171606600284576,0.15488598798401654,1.0
97,0.000125,0.09770911364731463,0.01514366009822962,0.8256545229391619,231.14214238253507,0.722909886051308,0.10274463887749748,1.0,0.13250183267518878,0.028502985136583447,1.0399884693324566,240.6438226699829,0.9030820801854134,0.13690637866966426,1.0
98,0.000125,0.0973224031992934,0.015016749691726132,0.8230565244501288,231.5135572606867,0.7213744284077124,0.10168209739706734,1.0,0.13410339504480362,0.029245330166304484,1.0485806353390217,240.36522006988525,0.9105991274118423,0.13798151386436075,1.0
99,0.000125,0.0978188578208739,0.015405810829675333,0.8241304538466714,231.50340132279828,0.723470351235433,0.10066009892828086,1.0,0.1330419066362083,0.029201381199527532,1.0384052284061909,240.23779487609863,0.9016426503658295,0.13676259689964354,1.0
100,0.000125,0.09717672902413389,0.014960202261466871,0.8221652501008727,231.57615349509499,0.721415564417839,0.10074968585236506,1.0,0.13507747510448098,0.029349857533816248,1.0572761483490467,240.92612266540527,0.9015174694359303,0.15575866331346333,1.0
101,0.000125,0.09706031183966181,0.014812602852047845,0.8224770724773407,231.82805009321734,0.720208234407685,0.10226883561435071,1.0,0.1346989255398512,0.028754069498972967,1.0594485402107239,241.54600620269775,0.9067277312278748,0.15272080153226852,1.0
102,6.25e-05,0.09628054287961939,0.01458068088289689,0.816998606378382,231.72804953835228,0.7168213887648149,0.100177217613567,1.0,0.132571323774755,0.029028265736997128,1.0354305729269981,241.6005039215088,0.893112163990736,0.14231840334832668,1.0
103,6.25e-05,0.09595097178085284,0.014493706001138145,0.8145726417953317,232.22643314708364,0.7158681933175434,0.09870444881645116,1.0,0.13325742119923234,0.028612527181394398,1.0464489199221134,241.20135307312012,0.8959983047097921,0.15045063057914376,1.0
104,6.25e-05,0.09604212548583746,0.014533973235467618,0.8150815083221956,232.06114127419212,0.7160885405134071,0.09899296818978408,1.0,0.13389838160946965,0.028758441389072686,1.051399376243353,241.47657871246338,0.9005292747169733,0.15087009873241186,1.0
105,6.25e-05,0.09576114427975634,0.014468224433420057,0.8129291839220307,232.30578804016113,0.7148404798724435,0.0980887037109245,1.0,0.13327069906517863,0.02924694848479703,1.0402374789118767,241.95324420928955,0.8981365021318197,0.14210097526665777,1.0
106,6.25e-05,0.09576969280500304,0.014468895356086168,0.8130079609426585,232.6624559922652,0.7145486081188376,0.09845935214649547,1.0,0.13404664117842913,0.029315556486835703,1.0473108626902103,241.7663984298706,0.9061613827943802,0.14114947826601565,1.0
107,6.25e-05,0.09559046392413703,0.014393163358115336,0.8119729946960103,232.4512228532271,0.7135738896375353,0.09839910404248671,1.0,0.1314078439027071,0.0290004113339819,1.0240742899477482,241.81736087799072,0.8834529835730791,0.14062130928505212,1.0
108,6.25e-05,0.0957138528200713,0.014400084174915471,0.8131376660682939,232.79368990117854,0.7146254852414131,0.09851218476383523,1.0,0.130182811524719,0.02915299218147993,1.0102981813251972,241.62283611297607,0.8774046916514635,0.13289349083788693,1.0
109,6.25e-05,0.09545132170685312,0.014409872004762292,0.8104144795374437,232.73217391967773,0.7125192033973607,0.09789527415043929,1.0,0.13399042002856731,0.02880376551183872,1.0518665164709091,241.67636108398438,0.9098735693842173,0.14199293975252658,1.0
110,6.25e-05,0.09549257252365351,0.014356999954378063,0.811355705965649,232.8738613128662,0.7137237943031571,0.09763191217048602,1.0,0.13197188405320048,0.028945387748535722,1.0302649475634098,242.1251974105835,0.8882803805172443,0.14198456017766148,1.0
111,6.25e-05,0.09536385366862471,0.014362428686581552,0.8100142357024279,233.20557472922584,0.7118685767054558,0.09814565840431234,1.0,0.1328454026952386,0.028476907056756318,1.0436849370598793,242.15530395507812,0.903143173083663,0.14054175280034542,1.0
112,6.25e-05,0.09538734755055471,0.014391418631103907,0.8099592727693644,233.10590778697622,0.7127110246907581,0.09724824778227643,1.0,0.13216605875641108,0.028675711480900645,1.0349034629762173,242.61124420166016,0.8938676286488771,0.14103582268580794,1.0
113,6.25e-05,0.09539096015082164,0.014427431171167304,0.8096352727575735,233.3787158619274,0.7120964845473116,0.09753879079256546,1.0,0.13287789840251207,0.029676118458155543,1.0320177860558033,242.53088760375977,0.8913324270397425,0.14068536460399628,1.0
114,6.25e-05,0.09526347098025409,0.014408625090833415,0.8085484396327626,233.2978824268688,0.7110757665200667,0.0974726732396944,1.0,0.13281894149258733,0.029642009700182825,1.031769309192896,242.2461748123169,0.8954635113477707,0.13630580296739936,1.0
115,3.125e-05,0.09475935267453844,0.014205245301127434,0.8055410554463213,233.49044331637296,0.7090008848092773,0.09654017144136808,1.0,0.13047406636178493,0.028958692913874984,1.0151537172496319,242.71933460235596,0.8783980160951614,0.13675568951293826,1.0
116,3.125e-05,0.09471839437769218,0.01414706651121378,0.8057132600383325,233.6188460263339,0.709625056521459,0.09608820660717109,1.0,0.1320342835970223,0.028685473545920104,1.0334880724549294,242.93615913391113,0.8884194195270538,0.1450686678290367,1.0
117,3.125e-05,0.09451047602024945,0.014132965948771347,0.8037750869989395,233.48991081931374,0.7078961062837731,0.09587898024950516,1.0,0.1328301397152245,0.02860863134264946,1.0422150567173958,243.19167804718018,0.8896222971379757,0.15259275143034756,1.0
118,3.125e-05,0.0945648006586866,0.014091226039454341,0.8047357309948314,233.6808199449019,0.7085698389194228,0.09616589046676051,1.0,0.13304900005459785,0.028860975231509656,1.0418802313506603,243.0779047012329,0.8991792686283588,0.1427009680774063,1.0
119,3.125e-05,0.09462050204588608,0.014128243275494739,0.804922569881786,233.65363589200106,0.7091439684683626,0.09577860293740575,1.0,0.13221490941941738,0.028534258250147104,1.036806482821703,243.32390308380127,0.8919973000884056,0.14480917633045465,1.0
120,3.125e-05,0.09452733143486759,0.014134087070653384,0.8039324324239384,233.87258165532893,0.7079801129346545,0.09595231864262711,1.0,0.13316410453990102,0.029322341666556895,1.0384175963699818,243.10523891448975,0.896460771560669,0.14195682655554265,1.0
121,1.5625e-05,0.094197341918268,0.014008018304593861,0.8018932261250236,233.95125111666593,0.706538738174872,0.09535448549484665,1.0,0.13175348192453384,0.0285813010414131,1.0317218005657196,243.42507362365723,0.8869265466928482,0.1447952592279762,1.0
122,1.5625e-05,0.09423002837733789,0.014015924428928305,0.8021410276943987,234.04939391396263,0.7069950266317888,0.09514600123194131,1.0,0.13311402220278978,0.028839668637374416,1.0427435152232647,243.1938886642456,0.9011582303792238,0.14158529019914567,1.0
123,1.5625e-05,0.09421853585676714,0.01401261813853952,0.8020591593601487,234.04922207919034,0.7068333046680148,0.09522585663944483,1.0,0.13345781154930592,0.02875149541068822,1.0470631495118141,243.41596794128418,0.8998043611645699,0.1472587848547846,1.0
124,1.5625e-05,0.094211977398531,0.01399774804965339,0.8021422854878686,234.02395994013006,0.7071932086890395,0.09494907345453446,1.0,0.13191579701378942,0.02887829253450036,1.0303750075399876,243.05264949798584,0.8931013382971287,0.13727365958038718,1.0
125,1.5625e-05,0.0941734319891442,0.013995932711457664,0.8017749759283933,234.05478824268687,0.7066223811019551,0.0951525937681171,1.0,0.13262632163241506,0.02891185018233955,1.0371446870267391,243.44533920288086,0.8885856084525585,0.14855906693264842,1.0
126,1.5625e-05,0.0941698533398184,0.01399652524427934,0.8017332641915842,234.1010638150302,0.7066498270088976,0.09508343438871882,1.0,0.13202643860131502,0.02861655445303768,1.034098818898201,243.6834955215454,0.8896530121564865,0.14444581663701683,1.0
127,7.8125e-06,0.09396737263622609,0.01395167443181642,0.8001569665291093,234.18984153053978,0.7055642252618616,0.09459274435754526,1.0,0.13214335916563869,0.028720780566800386,1.0342257730662823,243.34797477722168,0.89310722053051,0.1411185646429658,1.0
128,7.8125e-06,0.09400400705635548,0.013948633250865069,0.8005537234924056,234.15429184653541,0.7058231938969005,0.09473052857951685,1.0,0.13216472370550036,0.028814655379392207,1.033500649034977,243.30260276794434,0.8942132536321878,0.13928739505354315,1.0
