model,tag,family,score_method,threshold_mode,threshold_q,persistence_windows,pack_id,n_windows,alarm_day,onset_day,lead_days,alarm_ever,early_detected,n_confirmed_before_onset,windows_before_onset,trigger_rate_before_onset,threshold,calibration_windows,source,parameter_status,notes
lfaae,lfaae,deep_legacy,lof,train_global,,,6,1881,115.13436342592593,212.58958333333334,97.45521990740741,True,True,,1685,0.18397626112759644,,,D:\Matlab\project\pypack\outputs\tables\detection_lfaae_train_novelty_fixed-quantile_regression-binned_quantile-pack_baseline.csv,"legacy_csv未内嵌q/m；本轮简单基线使用q=0.99,m=5，历史行不重新解释",
lfaae,lfaae,deep_legacy,lof,train_global,,,8,4533,0.7674768518518519,13.723194444444445,12.955717592592594,True,True,,305,0.18688524590163935,,,D:\Matlab\project\pypack\outputs\tables\detection_lfaae_train_novelty_fixed-quantile_regression-binned_quantile-pack_baseline.csv,"legacy_csv未内嵌q/m；本轮简单基线使用q=0.99,m=5，历史行不重新解释",
lfaae,lfaae,deep_legacy,lof,train_global,,,9,599,8.171122685185185,3.047025462962963,-5.124097222222222,True,False,,80,0.0,,,D:\Matlab\project\pypack\outputs\tables\detection_lfaae_train_novelty_fixed-quantile_regression-binned_quantile-pack_baseline.csv,"legacy_csv未内嵌q/m；本轮简单基线使用q=0.99,m=5，历史行不重新解释",
lfaae,lfaae,deep_legacy,lof,train_global,,,10,1097,14.698854166666667,9.888414351851852,-4.810439814814815,True,False,,72,0.0,,,D:\Matlab\project\pypack\outputs\tables\detection_lfaae_train_novelty_fixed-quantile_regression-binned_quantile-pack_baseline.csv,"legacy_csv未内嵌q/m；本轮简单基线使用q=0.99,m=5，历史行不重新解释",
ours_full,ours_full,deep_legacy,lof,train_global,,,6,1881,158.54814814814816,212.58958333333334,54.04143518518518,True,True,,1685,0.060534124629080116,,,D:\Matlab\project\pypack\outputs\tables\detection_ours_full_train_novelty_fixed-quantile_regression-binned_quantile-pack_baseline.csv,"legacy_csv未内嵌q/m；本轮简单基线使用q=0.99,m=5，历史行不重新解释",
ours_full,ours_full,deep_legacy,lof,train_global,,,8,4533,0.7082175925925925,13.723194444444445,13.014976851851852,True,True,,305,0.2754098360655738,,,D:\Matlab\project\pypack\outputs\tables\detection_ours_full_train_novelty_fixed-quantile_regression-binned_quantile-pack_baseline.csv,"legacy_csv未内嵌q/m；本轮简单基线使用q=0.99,m=5，历史行不重新解释",
ours_full,ours_full,deep_legacy,lof,train_global,,,9,599,4.594386574074074,3.047025462962963,-1.5473611111111105,True,False,,80,0.0,,,D:\Matlab\project\pypack\outputs\tables\detection_ours_full_train_novelty_fixed-quantile_regression-binned_quantile-pack_baseline.csv,"legacy_csv未内嵌q/m；本轮简单基线使用q=0.99,m=5，历史行不重新解释",
ours_full,ours_full,deep_legacy,lof,train_global,,,10,1097,26.24199074074074,9.888414351851852,-16.35357638888889,True,False,,72,0.0,,,D:\Matlab\project\pypack\outputs\tables\detection_ours_full_train_novelty_fixed-quantile_regression-binned_quantile-pack_baseline.csv,"legacy_csv未内嵌q/m；本轮简单基线使用q=0.99,m=5，历史行不重新解释",
ours_shared_latent,ours_shared_latent,deep_legacy,lof,train_global,,,6,1881,158.54814814814816,212.58958333333334,54.04143518518518,True,True,,1685,0.0830860534124629,,,D:\Matlab\project\pypack\outputs\tables\detection_ours_shared_latent_train_novelty_fixed-quantile_regression-binned_quantile-pack_baseline.csv,"legacy_csv未内嵌q/m；本轮简单基线使用q=0.99,m=5，历史行不重新解释",
ours_shared_latent,ours_shared_latent,deep_legacy,lof,train_global,,,8,4533,0.7082175925925925,13.723194444444445,13.014976851851852,True,True,,305,0.4360655737704918,,,D:\Matlab\project\pypack\outputs\tables\detection_ours_shared_latent_train_novelty_fixed-quantile_regression-binned_quantile-pack_baseline.csv,"legacy_csv未内嵌q/m；本轮简单基线使用q=0.99,m=5，历史行不重新解释",
ours_shared_latent,ours_shared_latent,deep_legacy,lof,train_global,,,9,599,9.536724537037037,3.047025462962963,-6.489699074074073,True,False,,80,0.0,,,D:\Matlab\project\pypack\outputs\tables\detection_ours_shared_latent_train_novelty_fixed-quantile_regression-binned_quantile-pack_baseline.csv,"legacy_csv未内嵌q/m；本轮简单基线使用q=0.99,m=5，历史行不重新解释",
ours_shared_latent,ours_shared_latent,deep_legacy,lof,train_global,,,10,1097,14.713923611111111,9.888414351851852,-4.82550925925926,True,False,,72,0.0,,,D:\Matlab\project\pypack\outputs\tables\detection_ours_shared_latent_train_novelty_fixed-quantile_regression-binned_quantile-pack_baseline.csv,"legacy_csv未内嵌q/m；本轮简单基线使用q=0.99,m=5，历史行不重新解释",
simple,simple_voltage_baselines,simple_baseline,peer_spread,train_global,0.99,5,6,1881,203.15810185185185,212.58958333333334,9.431481481481484,True,True,10,1685,0.005934718100890208,0.023245584741525827,0,scripts/11_phase1_diagnostics.py,phase1_exact,
simple,simple_voltage_baselines,simple_baseline,peer_spread,pack_baseline,0.99,5,6,1881,203.15810185185185,212.58958333333334,9.431481481481484,True,True,7,1685,0.004154302670623145,0.030384980942844773,188,scripts/11_phase1_diagnostics.py,phase1_exact,
simple,simple_voltage_baselines,simple_baseline,peer_spread,train_global,0.99,5,8,4533,43.97550925925926,13.723194444444445,-30.252314814814817,True,False,0,305,0.0,0.023245584741525827,0,scripts/11_phase1_diagnostics.py,phase1_exact,
simple,simple_voltage_baselines,simple_baseline,peer_spread,pack_baseline,0.99,5,8,4533,,13.723194444444445,,False,False,0,305,0.0,0.04594562445767227,453,scripts/11_phase1_diagnostics.py,phase1_exact,
simple,simple_voltage_baselines,simple_baseline,peer_spread,train_global,0.99,5,9,599,17.06833333333333,3.047025462962963,-14.021307870370368,True,False,0,80,0.0,0.023245584741525827,0,scripts/11_phase1_diagnostics.py,phase1_exact,
simple,simple_voltage_baselines,simple_baseline,peer_spread,pack_baseline,0.99,5,9,599,16.538958333333333,3.047025462962963,-13.49193287037037,True,False,0,80,0.0,0.019549279071507043,60,scripts/11_phase1_diagnostics.py,phase1_exact,
simple,simple_voltage_baselines,simple_baseline,peer_spread,train_global,0.99,5,10,1097,25.9140625,9.888414351851852,-16.02564814814815,True,False,0,72,0.0,0.023245584741525827,0,scripts/11_phase1_diagnostics.py,phase1_exact,
simple,simple_voltage_baselines,simple_baseline,peer_spread,pack_baseline,0.99,5,10,1097,44.11851851851852,9.888414351851852,-34.23010416666667,True,False,0,72,0.0,0.03004431818117154,110,scripts/11_phase1_diagnostics.py,phase1_exact,
simple,simple_voltage_baselines,simple_baseline,peer_spread_ewma,train_global,0.99,5,6,1881,5.588877314814815,212.58958333333334,207.0007060185185,True,True,1031,1685,0.6118694362017805,0.01307426017006238,0,scripts/11_phase1_diagnostics.py,phase1_exact,
simple,simple_voltage_baselines,simple_baseline,peer_spread_ewma,pack_baseline,0.99,5,6,1881,31.48090277777778,212.58958333333334,181.10868055555557,True,True,828,1685,0.4913946587537092,0.014504262290013567,188,scripts/11_phase1_diagnostics.py,phase1_exact,
simple,simple_voltage_baselines,simple_baseline,peer_spread_ewma,train_global,0.99,5,8,4533,0.05925925925925926,13.723194444444445,13.663935185185187,True,True,71,305,0.23278688524590163,0.01307426017006238,0,scripts/11_phase1_diagnostics.py,phase1_exact,
simple,simple_voltage_baselines,simple_baseline,peer_spread_ewma,pack_baseline,0.99,5,8,4533,42.8824537037037,13.723194444444445,-29.159259259259258,True,False,0,305,0.0,0.019506279586513367,453,scripts/11_phase1_diagnostics.py,phase1_exact,
simple,simple_voltage_baselines,simple_baseline,peer_spread_ewma,train_global,0.99,5,9,599,5.484826388888889,3.047025462962963,-2.437800925925926,True,False,0,80,0.0,0.01307426017006238,0,scripts/11_phase1_diagnostics.py,phase1_exact,
simple,simple_voltage_baselines,simple_baseline,peer_spread_ewma,pack_baseline,0.99,5,9,599,5.196493055555556,3.047025462962963,-2.149467592592593,True,False,0,80,0.0,0.01073849015532412,60,scripts/11_phase1_diagnostics.py,phase1_exact,
simple,simple_voltage_baselines,simple_baseline,peer_spread_ewma,train_global,0.99,5,10,1097,9.70837962962963,9.888414351851852,0.1800347222222225,True,True,1,72,0.013888888888888888,0.01307426017006238,0,scripts/11_phase1_diagnostics.py,phase1_exact,
simple,simple_voltage_baselines,simple_baseline,peer_spread_ewma,pack_baseline,0.99,5,10,1097,14.728275462962962,9.888414351851852,-4.8398611111111105,True,False,0,72,0.0,0.016550586949769262,110,scripts/11_phase1_diagnostics.py,phase1_exact,
simple,simple_voltage_baselines,simple_baseline,peer_spread_cusum,train_global,0.99,5,6,1881,49.06943287037037,212.58958333333334,163.52015046296296,True,True,1203,1685,0.713946587537092,549.107650969995,0,scripts/11_phase1_diagnostics.py,phase1_exact,
simple,simple_voltage_baselines,simple_baseline,peer_spread_cusum,pack_baseline,0.99,5,6,1881,16.069837962962964,212.58958333333334,196.51974537037037,True,True,1494,1685,0.886646884272997,134.6444838907882,188,scripts/11_phase1_diagnostics.py,phase1_exact,
simple,simple_voltage_baselines,simple_baseline,peer_spread_cusum,train_global,0.99,5,8,4533,20.790972222222223,13.723194444444445,-7.067777777777778,True,False,0,305,0.0,549.107650969995,0,scripts/11_phase1_diagnostics.py,phase1_exact,
simple,simple_voltage_baselines,simple_baseline,peer_spread_cusum,pack_baseline,0.99,5,8,4533,21.780266203703704,13.723194444444445,-8.057071759259259,True,False,0,305,0.0,557.9867821148767,453,scripts/11_phase1_diagnostics.py,phase1_exact,
simple,simple_voltage_baselines,simple_baseline,peer_spread_cusum,train_global,0.99,5,9,599,16.96496527777778,3.047025462962963,-13.917939814814815,True,False,0,80,0.0,549.107650969995,0,scripts/11_phase1_diagnostics.py,phase1_exact,
simple,simple_voltage_baselines,simple_baseline,peer_spread_cusum,pack_baseline,0.99,5,9,599,3.126412037037037,3.047025462962963,-0.07938657407407401,True,False,0,80,0.0,15.54665884781145,60,scripts/11_phase1_diagnostics.py,phase1_exact,
simple,simple_voltage_baselines,simple_baseline,peer_spread_cusum,train_global,0.99,5,10,1097,31.722997685185184,9.888414351851852,-21.834583333333335,True,False,0,72,0.0,549.107650969995,0,scripts/11_phase1_diagnostics.py,phase1_exact,
simple,simple_voltage_baselines,simple_baseline,peer_spread_cusum,pack_baseline,0.99,5,10,1097,11.887939814814814,9.888414351851852,-1.9995254629629624,True,False,0,72,0.0,119.41945825826184,110,scripts/11_phase1_diagnostics.py,phase1_exact,
