score_method,pack_id,n_normal_proxy,normal_proxy_end_index,train_threshold_q,normal_q50,normal_q95,normal_q99,normal_fraction_above_train_threshold,normal_mean_abs_i_median,normal_std_i_median,normal_p95_abs_i_median,normal_disch_frac_median,normal_mean_v_median,normal_std_v_median,normal_range_v_median,normal_mean_t_median,normal_std_t_median,normal_mean_soc_median
peer_spread,6,1685,1685,0.023245584741525827,0.0131074272794649,0.04577500055893323,0.06562531246903747,0.2510385756676558,39.271793365478516,39.07768630981445,83.52913665771484,0.40234375,3.3487939834594727,0.08736508339643478,0.36300015449523926,0.30683591961860657,0.057939041405916214,0.900140643119812
peer_spread,8,305,305,0.023245584741525827,0.009886718034977093,0.03094062411264533,0.04078328211791813,0.10819672131147541,25.613908767700195,28.66713523864746,56.038177490234375,0.3359375,3.325474500656128,0.08711013197898865,0.3769998550415039,0.5133300423622131,0.16837339103221893,0.7841445207595825
peer_spread,9,80,80,0.023245584741525827,0.008123046398395672,0.01699833917082287,0.020388632467656837,0.0125,31.503780364990234,38.079803466796875,87.68737030029297,0.4609375,3.3399386405944824,0.07636618614196777,0.2825000286102295,-0.08518067002296448,0.1212984174489975,0.8789745569229126
peer_spread,10,72,72,0.023245584741525827,0.009690429156762548,0.020351464675331953,0.027299395261216004,0.027777777777777776,38.12434387207031,23.325313568115234,51.13407516479492,0.283203125,3.382321357727051,0.05458633601665497,0.20550012588500977,-0.15849611163139343,0.06732227653265,0.8270683288574219
peer_spread_ewma,6,1685,1685,0.01307426017006238,0.015615659056439912,0.03161882945345898,0.0408189739611109,0.6813056379821959,39.271793365478516,39.07768630981445,83.52913665771484,0.40234375,3.3487939834594727,0.08736508339643478,0.36300015449523926,0.30683591961860657,0.057939041405916214,0.900140643119812
peer_spread_ewma,8,305,305,0.01307426017006238,0.012387978257420393,0.017731254542577606,0.01955230012674442,0.380327868852459,25.613908767700195,28.66713523864746,56.038177490234375,0.3359375,3.325474500656128,0.08711013197898865,0.3769998550415039,0.5133300423622131,0.16837339103221893,0.7841445207595825
peer_spread_ewma,9,80,80,0.01307426017006238,0.008274591394348756,0.010439160709117596,0.010785718894747217,0.0,31.503780364990234,38.079803466796875,87.68737030029297,0.4609375,3.3399386405944824,0.07636618614196777,0.2825000286102295,-0.08518067002296448,0.1212984174489975,0.8789745569229126
peer_spread_ewma,10,72,72,0.01307426017006238,0.010171273156982855,0.013703035539147935,0.014091003168716651,0.09722222222222222,38.12434387207031,23.325313568115234,51.13407516479492,0.283203125,3.382321357727051,0.05458633601665497,0.20550012588500977,-0.15849611163139343,0.06732227653265,0.8270683288574219
peer_spread_cusum,6,1685,1685,549.107650969995,1085.2591266505679,3454.148231934773,3969.1621123686737,0.7163204747774481,39.271793365478516,39.07768630981445,83.52913665771484,0.40234375,3.3487939834594727,0.08736508339643478,0.36300015449523926,0.30683591961860657,0.057939041405916214,0.900140643119812
peer_spread_cusum,8,305,305,549.107650969995,162.17698214507388,329.3451572291494,360.2023344536603,0.0,25.613908767700195,28.66713523864746,56.038177490234375,0.3359375,3.325474500656128,0.08711013197898865,0.3769998550415039,0.5133300423622131,0.16837339103221893,0.7841445207595825
peer_spread_cusum,9,80,80,549.107650969995,6.067148451369004,16.263176315644614,17.028444696922616,0.0,31.503780364990234,38.079803466796875,87.68737030029297,0.4609375,3.3399386405944824,0.07636618614196777,0.2825000286102295,-0.08518067002296448,0.1212984174489975,0.8789745569229126
peer_spread_cusum,10,72,72,549.107650969995,17.41754971666815,50.77067461709382,55.3381839945531,0.0,38.12434387207031,23.325313568115234,51.13407516479492,0.283203125,3.382321357727051,0.05458633601665497,0.20550012588500977,-0.15849611163139343,0.06732227653265,0.8270683288574219
