method,pack_id,n_windows,longest_confirmation_windows,confirmation_rate,first_quarter_confirmation,second_quarter_confirmation,third_quarter_confirmation,last_quarter_confirmation
peer_spread,6,9127,0,0.0,0.0,0.0,0.0,0.0
peer_ewma,6,9127,30,0.02224170044921661,0.04294478527607362,0.007011393514460999,0.013584574934268186,0.025427444103463395
peer_cusum,6,9127,8545,0.9362331543771228,0.7449605609114811,1.0,1.0,1.0
peer_robust,6,9127,3,0.002300865563712063,0.007449605609114811,0.0,0.0013146362839614374,0.00043840420868040335
peer_multiscale,6,9127,3129,0.8680837076805084,0.9184925503943909,0.6371603856266433,0.9728308501314636,0.9438842612889083
pca_absolute,6,9127,0,0.0,0.0,0.0,0.0,0.0
pca_peer,6,9127,1,0.00010956502684343158,0.0,0.0,0.00043821209465381246,0.0
mahal_absolute,6,9127,0,0.0,0.0,0.0,0.0,0.0
iforest_absolute,6,9127,1,0.00021913005368686317,0.0,0.0,0.00043821209465381246,0.00043840420868040335
iforest_peer,6,9127,0,0.0,0.0,0.0,0.0,0.0
lof_absolute,6,9127,5,0.0037252109126766735,0.0,0.0,0.009202453987730062,0.005699254712845244
lof_peer,6,9127,5,0.013366933274898652,0.007449605609114811,0.003943908851884312,0.020595968448729185,0.021481806225339763
svm_peer,6,9127,12,0.015886928892297578,0.029798422436459245,0.0035056967572304996,0.007887817703768623,0.02235861464270057
peer_anchor,6,9127,20,0.024542566012928674,0.02322524101665206,0.009202453987730062,0.020595968448729185,0.04515563349408154
peer_contrast,6,9127,9,0.011394762791716884,0.024539877300613498,0.0052585451358457495,0.007449605609114811,0.008329679964927663
peer_spread,8,11147,0,0.0,0.0,0.0,0.0,0.0
peer_ewma,8,11147,9,0.0008971023593792052,0.003588087549336204,0.0,0.0,0.0
peer_cusum,8,11147,0,0.0,0.0,0.0,0.0,0.0
peer_robust,8,11147,3,0.0017044944828204897,0.0068173663437387875,0.0,0.0,0.0
peer_multiscale,8,11147,962,0.18749439311025387,0.6354503049874417,0.05059203444564048,0.0545389307499103,0.00933237616654702
pca_absolute,8,11147,2,0.00017942047187584104,0.0,0.0,0.0,0.0007178750897343862
pca_peer,8,11147,14,0.029873508567327532,0.08647290993900252,0.002152852529601722,0.005382131324004306,0.025484565685570712
mahal_absolute,8,11147,22,0.21404862294787835,0.18550412630068175,0.14531754574811626,0.2303552206673843,0.29504666188083273
iforest_absolute,8,11147,0,0.0,0.0,0.0,0.0,0.0
iforest_peer,8,11147,0,0.0,0.0,0.0,0.0,0.0
lof_absolute,8,11147,2,0.00017942047187584104,0.0007176175098672408,0.0,0.0,0.0
lof_peer,8,11147,124,0.20382165605095542,0.46537495514890564,0.08109077861499821,0.04628632938643703,0.22254127781765973
svm_peer,8,11147,14,0.018211177895397865,0.06925008970218874,0.0003588087549336204,0.0,0.003230437903804738
peer_anchor,8,11147,11020,0.9915672378218354,0.9662719770362397,1.0,1.0,1.0
peer_contrast,8,11147,3,0.002063335426572172,0.008252601363473269,0.0,0.0,0.0
peer_spread,9,5093,0,0.0,0.0,0.0,0.0,0.0
peer_ewma,9,5093,9,0.0021598272138228943,0.0007849293563579278,0.0,0.007855459544383346,0.0
peer_cusum,9,5093,0,0.0,0.0,0.0,0.0,0.0
peer_robust,9,5093,1,0.00019634792852935403,0.0007849293563579278,0.0,0.0,0.0
peer_multiscale,9,5093,8,0.005694089927351266,0.009419152276295133,0.0007855459544383347,0.012568735271013355,0.0
pca_absolute,9,5093,0,0.0,0.0,0.0,0.0,0.0
pca_peer,9,5093,3,0.0015707834282348322,0.0031397174254317113,0.0,0.003142183817753339,0.0
mahal_absolute,9,5093,3,0.0013744354997054782,0.0015698587127158557,0.0,0.003927729772191673,0.0
iforest_absolute,9,5093,0,0.0,0.0,0.0,0.0,0.0
iforest_peer,9,5093,0,0.0,0.0,0.0,0.0,0.0
lof_absolute,9,5093,0,0.0,0.0,0.0,0.0,0.0
lof_peer,9,5093,3,0.0011780875711761242,0.0,0.0,0.002356637863315004,0.002356637863315004
svm_peer,9,5093,1,0.00039269585705870805,0.0007849293563579278,0.0,0.0007855459544383347,0.0
peer_anchor,9,5093,11,0.013548007068525427,0.011773940345368918,0.014925373134328358,0.024351924587588374,0.003142183817753339
peer_contrast,9,5093,0,0.0,0.0,0.0,0.0,0.0
peer_spread,10,1141,0,0.0,0.0,0.0,0.0,0.0
peer_ewma,10,1141,0,0.0,0.0,0.0,0.0,0.0
peer_cusum,10,1141,0,0.0,0.0,0.0,0.0,0.0
peer_robust,10,1141,0,0.0,0.0,0.0,0.0,0.0
peer_multiscale,10,1141,6,0.006134969325153374,0.0,0.021052631578947368,0.0035087719298245615,0.0
pca_absolute,10,1141,0,0.0,0.0,0.0,0.0,0.0
pca_peer,10,1141,2,0.0017528483786152498,0.006993006993006993,0.0,0.0,0.0
mahal_absolute,10,1141,1,0.0008764241893076249,0.0034965034965034965,0.0,0.0,0.0
iforest_absolute,10,1141,0,0.0,0.0,0.0,0.0,0.0
iforest_peer,10,1141,0,0.0,0.0,0.0,0.0,0.0
lof_absolute,10,1141,0,0.0,0.0,0.0,0.0,0.0
lof_peer,10,1141,16,0.16301489921121823,0.17482517482517482,0.14385964912280702,0.1543859649122807,0.17894736842105263
svm_peer,10,1141,2,0.0017528483786152498,0.006993006993006993,0.0,0.0,0.0
peer_anchor,10,1141,6,0.007887817703768623,0.01048951048951049,0.021052631578947368,0.0,0.0
peer_contrast,10,1141,0,0.0,0.0,0.0,0.0,0.0
