method,group,n_windows,macro_exceedance,macro_confirmation,weighted_exceedance,weighted_confirmation,packs_with_alarm
all24_iforest,frozen_replay,26508,0.0874113855926644,0.003604995767507579,0.12169910970273125,0.004979628791308284,3
all24_lof,frozen_replay,26508,0.24289920887271094,0.01065290722303691,0.3030783159800815,0.016825109400935567,4
all24_svm,frozen_replay,26508,0.16444826209051777,0.007195609665386914,0.23419345103365022,0.01060057341180021,2
iforest_absolute,raw_disjoint_calibration,26508,0.017898311960133768,5.478251342171579e-05,0.024483174890599063,7.544892108042855e-05,1
iforest_peer,raw_disjoint_calibration,26508,0.02045420918584664,0.0,0.026067602233288065,0.0,0
legacy_all24_lof,legacy_in_sample_calibration,26508,0.32253164422414937,0.025516790356506943,0.38988229968311455,0.03961068356722499,4
lof_absolute,raw_disjoint_calibration,26508,0.03177850361466232,0.0009761578461381286,0.040138826014787986,0.001358080579447714,2
lof_peer,raw_disjoint_calibration,26508,0.4696040449749649,0.0953453940270621,0.4608042854987174,0.09755545495699411,4
mahal_absolute,raw_disjoint_calibration,26508,0.27016254580956106,0.05407487065922286,0.3610230873698506,0.09031235853327298,3
pca_absolute,raw_disjoint_calibration,26508,0.030332398315779996,4.485511796896026e-05,0.03459333031537649,7.544892108042855e-05,1
pca_peer,raw_disjoint_calibration,26508,0.15393625133008132,0.008326676350255262,0.1963180926512751,0.012977214425833711,4
peer_anchor,raw_disjoint_calibration,26508,0.3120178339588597,0.25938640715176453,0.4880413460087521,0.4283612494341331,4
peer_contrast,raw_disjoint_calibration,26508,0.11414801396982455,0.003364524554572264,0.1341859061415422,0.004791006488607213,2
peer_cusum,raw_disjoint_calibration,26508,0.23416785362112413,0.2340582885942807,0.3225064131582918,0.322355515316131,1
peer_ewma,raw_disjoint_calibration,26508,0.013460392178376322,0.006324657505604677,0.01754187415119964,0.008450279161007998,3
peer_multiscale,raw_disjoint_calibration,26508,0.3050765476672089,0.2668517900108167,0.4270408933152256,0.37909310396861323,4
peer_robust,raw_disjoint_calibration,26508,0.07584079872584754,0.0010504269937654767,0.08095669231929983,0.0015467028821487853,3
peer_spread,raw_disjoint_calibration,26508,0.00734851999990412,0.0,0.009053870529651425,0.0,0
reconstruction16_iforest,frozen_replay,26508,0.07434325176484262,0.0027834307939233103,0.10347819526180775,0.0038856194356420705,3
reconstruction16_lof,frozen_replay,26508,0.1678532335837509,0.0018359415533537205,0.2179719330013581,0.0028293345405160705,2
reconstruction16_svm,frozen_replay,26508,0.12698995191473322,0.004048187911717225,0.18541572355515315,0.006299984910215784,2
svm_peer,raw_disjoint_calibration,26508,0.2054427627995923,0.00906091275584235,0.2503017956843217,0.013279010110155426,4
