pack_id,method,group,n_windows,threshold,n_exceeded,exceedance_rate,n_confirmed,confirmation_rate,alarm_segments,first_confirmed
6,peer_spread,raw_disjoint_calibration,9127,0.02282568416558206,157,0.017201709214418756,0,0.0,0,
6,peer_ewma,raw_disjoint_calibration,9127,0.012167473343376933,410,0.04492166100580695,203,0.02224170044921661,22,15
6,peer_cusum,raw_disjoint_calibration,9127,622.1305203414797,8549,0.9366714144844965,8545,0.9362331543771228,1,582
6,peer_robust,raw_disjoint_calibration,9127,10.74224261972816,1162,0.1273145611920675,21,0.002300865563712063,13,64
6,peer_multiscale,raw_disjoint_calibration,9127,5.879733505785451,8262,0.9052262517804317,7923,0.8680837076805084,46,4
6,pca_absolute,raw_disjoint_calibration,9127,0.1799135678186846,131,0.014353018516489537,0,0.0,0,
6,pca_peer,raw_disjoint_calibration,9127,0.8931436807038172,563,0.06168511011285198,1,0.00010956502684343158,1,6242
6,mahal_absolute,raw_disjoint_calibration,9127,161.41594556702393,1079,0.11822066396406267,0,0.0,0,
6,iforest_absolute,raw_disjoint_calibration,9127,0.619572998406669,427,0.046784266462145285,2,0.00021913005368686317,2,6595
6,iforest_peer,raw_disjoint_calibration,9127,0.5890868701011888,82,0.008984332201161389,0,0.0,0,
6,lof_absolute,raw_disjoint_calibration,9127,1.451838200887787,997,0.10923633176290128,34,0.0037252109126766735,15,6298
6,lof_peer,raw_disjoint_calibration,9127,2.080357028674004,3243,0.3553193820532486,122,0.013366933274898652,63,4
6,svm_peer,raw_disjoint_calibration,9127,-0.17126363647270532,2670,0.2925386216719623,145,0.015886928892297578,53,44
6,peer_anchor,raw_disjoint_calibration,9127,4.727396537554081,1544,0.16916840144625836,224,0.024542566012928674,68,20
6,peer_contrast,raw_disjoint_calibration,9127,9.123296243911735,2449,0.2683247507395639,104,0.011394762791716884,45,43
8,peer_spread,raw_disjoint_calibration,11147,0.024665313011573743,64,0.005741455100026913,0,0.0,0,
8,peer_ewma,raw_disjoint_calibration,11147,0.013527165407619637,24,0.0021530456625100925,10,0.0008971023593792052,2,42
8,peer_cusum,raw_disjoint_calibration,11147,122.80367811506453,0,0.0,0,0.0,0,
8,peer_robust,raw_disjoint_calibration,11147,12.514510232792288,754,0.06764151789719207,19,0.0017044944828204897,10,31
8,peer_multiscale,raw_disjoint_calibration,11147,6.440347367292307,2931,0.26294070153404503,2090,0.18749439311025387,98,6
8,pca_absolute,raw_disjoint_calibration,11147,0.241993475760583,629,0.05642773840495201,2,0.00017942047187584104,1,9550
8,pca_peer,raw_disjoint_calibration,11147,0.8837953561078169,4134,0.3708621153673634,333,0.029873508567327532,137,31
8,mahal_absolute,raw_disjoint_calibration,11147,108.71558470485526,7776,0.6975867946532699,2386,0.21404862294787835,596,28
8,iforest_absolute,raw_disjoint_calibration,11147,0.6275457095816195,208,0.018659729075087467,0,0.0,0,
8,iforest_peer,raw_disjoint_calibration,11147,0.6100342425141795,534,0.04790526599084956,0,0.0,0,
8,lof_absolute,raw_disjoint_calibration,11147,2.208449080667114,45,0.004036960617206423,2,0.00017942047187584104,1,10
8,lof_peer,raw_disjoint_calibration,11147,1.9829745272141561,7409,0.6646631380640531,2272,0.20382165605095542,447,25
8,svm_peer,raw_disjoint_calibration,11147,-0.19822755321082322,3441,0.3086929218623845,203,0.018211177895397865,82,31
8,peer_anchor,raw_disjoint_calibration,11147,5.661343785808439,11096,0.9954247779671661,11053,0.9915672378218354,7,20
8,peer_contrast,raw_disjoint_calibration,11147,11.751524608065873,906,0.08127747375975598,23,0.002063335426572172,13,6
9,peer_spread,raw_disjoint_calibration,5093,0.024358809245823062,15,0.0029452189279403104,0,0.0,0,
9,peer_ewma,raw_disjoint_calibration,5093,0.012402375020345106,30,0.005890437855880621,11,0.0021598272138228943,3,4
9,peer_cusum,raw_disjoint_calibration,5093,281.9641804020993,0,0.0,0,0.0,0,
9,peer_robust,raw_disjoint_calibration,5093,8.115337372581505,137,0.0268996662085215,1,0.00019634792852935403,1,280
9,peer_multiscale,raw_disjoint_calibration,5093,4.745706941665936,87,0.0170822697820538,29,0.005694089927351266,8,4
9,pca_absolute,raw_disjoint_calibration,5093,0.20828604013737573,128,0.025132534851757315,0,0.0,0,
9,pca_peer,raw_disjoint_calibration,5093,0.6571284432439131,384,0.07539760455527195,8,0.0015707834282348322,4,248
9,mahal_absolute,raw_disjoint_calibration,5093,154.91548447517948,532,0.10445709797761633,7,0.0013744354997054782,4,280
9,iforest_absolute,raw_disjoint_calibration,5093,0.6238707427739072,9,0.0017671313567641862,0,0.0,0,
9,iforest_peer,raw_disjoint_calibration,5093,0.5828610090020636,60,0.011780875711761242,0,0.0,0,
9,lof_absolute,raw_disjoint_calibration,5093,2.0650232211607302,8,0.0015707834282348322,0,0.0,0,
9,lof_peer,raw_disjoint_calibration,5093,2.024908232378593,752,0.1476536422540742,6,0.0011780875711761242,4,3041
9,svm_peer,raw_disjoint_calibration,5093,-0.4249272507805451,351,0.06891812291380325,2,0.00039269585705870805,2,280
9,peer_anchor,raw_disjoint_calibration,5093,3.304577186592649,260,0.051050461417632045,69,0.013548007068525427,20,249
9,peer_contrast,raw_disjoint_calibration,5093,7.506514948022972,103,0.020223836638523465,0,0.0,0,
10,peer_spread,raw_disjoint_calibration,1141,0.024332968713424625,4,0.0035056967572304996,0,0.0,0,
10,peer_ewma,raw_disjoint_calibration,1141,0.012416362796832222,1,0.0008764241893076249,0,0.0,0,
10,peer_cusum,raw_disjoint_calibration,1141,366.4252194678423,0,0.0,0,0.0,0,
10,peer_robust,raw_disjoint_calibration,1141,8.547788487453223,93,0.08150744960560911,0,0.0,0,
10,peer_multiscale,raw_disjoint_calibration,1141,4.684939390537141,40,0.035056967572304996,7,0.006134969325153374,2,287
10,pca_absolute,raw_disjoint_calibration,1141,0.23078492514374338,29,0.025416301489921123,0,0.0,0,
10,pca_peer,raw_disjoint_calibration,1141,0.8037217576826169,123,0.10780017528483786,2,0.0017528483786152498,1,283
10,mahal_absolute,raw_disjoint_calibration,1141,141.69188561405613,183,0.16038562664329536,1,0.0008764241893076249,1,261
10,iforest_absolute,raw_disjoint_calibration,1141,0.6231471858763031,5,0.0043821209465381246,0,0.0,0,
10,iforest_peer,raw_disjoint_calibration,1141,0.5905566994675289,15,0.013146362839614373,0,0.0,0,
10,lof_absolute,raw_disjoint_calibration,1141,2.099098260522353,14,0.012269938650306749,0,0.0,0,
10,lof_peer,raw_disjoint_calibration,1141,2.0376821156807945,811,0.7107800175284837,186,0.16301489921121823,58,8
10,svm_peer,raw_disjoint_calibration,1141,-0.4046722546430393,173,0.1516213847502191,2,0.0017528483786152498,1,283
10,peer_anchor,raw_disjoint_calibration,1141,3.9665307236456853,37,0.03242769500438212,9,0.007887817703768623,3,97
10,peer_contrast,raw_disjoint_calibration,1141,7.271629383111003,99,0.08676599474145487,0,0.0,0,
