method,pack_id,stage,complexity,n_events,detection,worst_detection,by_kind,localization,localization_top3,conditional_top1,ref_alarm,n_reference_quiet,quiet_detection,median_delay_windows,common_mode_new_confirmation,n_controls
peer_spread,6,development,0,36,0.0,0.0,"{'drift': 0.0, 'noise': 0.0, 'offset': 0.0}",0.4166666666666667,0.5833333333333334,,0.0,36,0.0,,,0
peer_ewma,6,development,1,36,0.3055555555555556,0.0,"{'drift': 0.3333333333333333, 'noise': 0.0, 'offset': 0.5833333333333334}",0.5,0.6388888888888888,0.5454545454545454,0.0,36,0.3055555555555556,17.0,,0
peer_cusum,6,development,2,36,0.0,0.0,"{'drift': 0.0, 'noise': 0.0, 'offset': 0.0}",0.4166666666666667,0.5833333333333334,,0.0,36,0.0,,,0
peer_robust,6,development,3,36,0.3333333333333333,0.0,"{'drift': 0.0, 'noise': 1.0, 'offset': 0.0}",0.4166666666666667,0.5833333333333334,1.0,0.0,36,0.3333333333333333,4.0,,0
peer_multiscale,6,development,4,36,0.4444444444444444,0.16666666666666666,"{'drift': 0.16666666666666666, 'noise': 1.0, 'offset': 0.16666666666666666}",0.5833333333333334,0.7777777777777778,1.0,0.0,36,0.4444444444444444,4.5,,0
pca_absolute,6,development,5,36,0.0,0.0,"{'drift': 0.0, 'noise': 0.0, 'offset': 0.0}",0.3333333333333333,0.5,,0.0,36,0.0,,,0
pca_peer,6,development,6,36,0.3611111111111111,0.0,"{'drift': 0.08333333333333333, 'noise': 1.0, 'offset': 0.0}",0.5,0.8333333333333334,1.0,0.0,36,0.3611111111111111,4.0,,0
mahal_absolute,6,development,7,36,0.2777777777777778,0.0,"{'drift': 0.0, 'noise': 0.8333333333333334, 'offset': 0.0}",0.4166666666666667,0.5833333333333334,1.0,0.0,36,0.2777777777777778,4.0,,0
iforest_absolute,6,development,8,36,0.0,0.0,"{'drift': 0.0, 'noise': 0.0, 'offset': 0.0}",0.4166666666666667,0.5833333333333334,,0.0,36,0.0,,,0
iforest_peer,6,development,9,36,0.05555555555555555,0.0,"{'drift': 0.0, 'noise': 0.16666666666666666, 'offset': 0.0}",0.4166666666666667,0.5833333333333334,1.0,0.0,36,0.05555555555555555,51.0,,0
lof_absolute,6,development,10,36,0.1388888888888889,0.0,"{'drift': 0.0, 'noise': 0.4166666666666667, 'offset': 0.0}",0.4166666666666667,0.5833333333333334,1.0,0.0,36,0.1388888888888889,6.0,,0
lof_peer,6,development,11,36,0.6666666666666666,0.5,"{'drift': 0.5833333333333334, 'noise': 0.9166666666666666, 'offset': 0.5}",0.5555555555555556,0.6666666666666666,0.7916666666666666,0.16666666666666666,30,0.6,4.0,,0
svm_peer,6,development,12,36,0.3333333333333333,0.0,"{'drift': 0.0, 'noise': 1.0, 'offset': 0.0}",0.4166666666666667,0.5833333333333334,1.0,0.0,36,0.3333333333333333,4.0,,0
peer_anchor,6,development,13,36,0.5555555555555556,0.16666666666666666,"{'drift': 0.16666666666666666, 'noise': 1.0, 'offset': 0.5}",0.6666666666666666,0.8333333333333334,1.0,0.0,36,0.5555555555555556,5.0,,0
peer_contrast,6,development,14,36,0.3333333333333333,0.0,"{'drift': 0.0, 'noise': 1.0, 'offset': 0.0}",0.3333333333333333,0.5833333333333334,1.0,0.0,36,0.3333333333333333,4.0,,0
peer_spread,6,challenge,0,24,0.16666666666666666,0.0,"{'drift': 0.0, 'intermittent': 0.0, 'noise': 0.0, 'offset': 0.0, 'stuck': 1.0, 'two_cell': 0.0}",0.5416666666666666,0.7916666666666666,1.0,0.0,24,0.16666666666666666,10.0,0.0,8
peer_ewma,6,challenge,1,24,0.7916666666666666,0.25,"{'drift': 0.5, 'intermittent': 1.0, 'noise': 0.25, 'offset': 1.0, 'stuck': 1.0, 'two_cell': 1.0}",0.5,0.875,0.47368421052631576,0.0,24,0.7916666666666666,14.0,0.0,8
peer_cusum,6,challenge,2,24,0.16666666666666666,0.0,"{'drift': 0.0, 'intermittent': 0.0, 'noise': 0.0, 'offset': 0.0, 'stuck': 1.0, 'two_cell': 0.0}",0.5416666666666666,0.7916666666666666,1.0,0.0,24,0.16666666666666666,27.0,0.0,8
peer_robust,6,challenge,3,24,0.5833333333333334,0.0,"{'drift': 0.25, 'intermittent': 0.0, 'noise': 1.0, 'offset': 0.5, 'stuck': 1.0, 'two_cell': 0.75}",0.5833333333333334,0.8333333333333334,0.7142857142857143,0.5,12,0.4166666666666667,4.0,0.0,8
peer_multiscale,6,challenge,4,24,0.0,0.0,"{'drift': 0.0, 'intermittent': 0.0, 'noise': 0.0, 'offset': 0.0, 'stuck': 0.0, 'two_cell': 0.0}",0.5416666666666666,0.7916666666666666,,1.0,0,,,0.0,8
pca_absolute,6,challenge,5,24,0.25,0.0,"{'drift': 0.0, 'intermittent': 0.0, 'noise': 0.5, 'offset': 0.0, 'stuck': 1.0, 'two_cell': 0.0}",0.5416666666666666,0.7083333333333334,1.0,0.0,24,0.25,4.0,0.0,8
pca_peer,6,challenge,6,24,0.5833333333333334,0.25,"{'drift': 0.25, 'intermittent': 0.5, 'noise': 1.0, 'offset': 0.25, 'stuck': 1.0, 'two_cell': 0.5}",0.75,0.875,1.0,0.0,24,0.5833333333333334,4.0,0.0,8
mahal_absolute,6,challenge,7,24,0.4166666666666667,0.0,"{'drift': 0.0, 'intermittent': 0.0, 'noise': 1.0, 'offset': 0.25, 'stuck': 1.0, 'two_cell': 0.25}",0.5833333333333334,0.75,0.8,0.0,24,0.4166666666666667,4.0,0.0,8
iforest_absolute,6,challenge,8,24,0.0,0.0,"{'drift': 0.0, 'intermittent': 0.0, 'noise': 0.0, 'offset': 0.0, 'stuck': 0.0, 'two_cell': 0.0}",0.5416666666666666,0.7916666666666666,,0.0,24,0.0,,0.0,8
iforest_peer,6,challenge,9,24,0.041666666666666664,0.0,"{'drift': 0.0, 'intermittent': 0.0, 'noise': 0.0, 'offset': 0.0, 'stuck': 0.25, 'two_cell': 0.0}",0.5416666666666666,0.7916666666666666,1.0,0.0,24,0.041666666666666664,4.0,0.0,8
lof_absolute,6,challenge,10,24,0.2916666666666667,0.0,"{'drift': 0.0, 'intermittent': 0.0, 'noise': 0.75, 'offset': 0.0, 'stuck': 1.0, 'two_cell': 0.0}",0.5833333333333334,0.7916666666666666,1.0,0.0,24,0.2916666666666667,4.0,0.25,8
lof_peer,6,challenge,11,24,0.7916666666666666,0.5,"{'drift': 0.75, 'intermittent': 0.75, 'noise': 1.0, 'offset': 0.5, 'stuck': 1.0, 'two_cell': 0.75}",0.5416666666666666,0.7083333333333334,0.631578947368421,1.0,0,,3.0,0.0,8
svm_peer,6,challenge,12,24,0.75,0.5,"{'drift': 0.5, 'intermittent': 0.75, 'noise': 1.0, 'offset': 0.5, 'stuck': 1.0, 'two_cell': 0.75}",0.5416666666666666,0.875,0.6111111111111112,1.0,0,,9.0,0.0,8
peer_anchor,6,challenge,13,24,0.7083333333333334,0.25,"{'drift': 0.25, 'intermittent': 0.25, 'noise': 1.0, 'offset': 0.75, 'stuck': 1.0, 'two_cell': 1.0}",0.7916666666666666,0.9166666666666666,0.8235294117647058,0.5,12,0.5833333333333334,6.0,0.0,8
peer_contrast,6,challenge,14,24,0.5,0.0,"{'drift': 0.5, 'intermittent': 0.0, 'noise': 1.0, 'offset': 0.25, 'stuck': 1.0, 'two_cell': 0.25}",0.5416666666666666,0.7083333333333334,0.6666666666666666,0.5,12,0.6666666666666666,4.0,0.0,8
peer_spread,8,development,0,36,0.0,0.0,"{'drift': 0.0, 'noise': 0.0, 'offset': 0.0}",0.4166666666666667,0.6111111111111112,,0.0,36,0.0,,,0
peer_ewma,8,development,1,36,0.2777777777777778,0.0,"{'drift': 0.3333333333333333, 'noise': 0.0, 'offset': 0.5}",0.5555555555555556,0.6666666666666666,0.7,0.0,36,0.2777777777777778,13.5,,0
peer_cusum,8,development,2,36,0.1388888888888889,0.0,"{'drift': 0.0, 'noise': 0.0, 'offset': 0.4166666666666667}",0.4444444444444444,0.6666666666666666,0.4,0.0,36,0.1388888888888889,56.0,,0
peer_robust,8,development,3,36,0.3333333333333333,0.0,"{'drift': 0.0, 'noise': 1.0, 'offset': 0.0}",0.4166666666666667,0.6111111111111112,1.0,0.0,36,0.3333333333333333,4.0,,0
peer_multiscale,8,development,4,36,0.4166666666666667,0.08333333333333333,"{'drift': 0.08333333333333333, 'noise': 1.0, 'offset': 0.16666666666666666}",0.6388888888888888,0.8611111111111112,1.0,0.0,36,0.4166666666666667,4.0,,0
pca_absolute,8,development,5,36,0.16666666666666666,0.0,"{'drift': 0.0, 'noise': 0.5, 'offset': 0.0}",0.3888888888888889,0.5277777777777778,1.0,0.0,36,0.16666666666666666,4.0,,0
pca_peer,8,development,6,36,0.4722222222222222,0.16666666666666666,"{'drift': 0.16666666666666666, 'noise': 1.0, 'offset': 0.25}",0.75,0.8611111111111112,0.9411764705882353,0.0,36,0.4722222222222222,4.0,,0
mahal_absolute,8,development,7,36,0.3333333333333333,0.0,"{'drift': 0.0, 'noise': 1.0, 'offset': 0.0}",0.4166666666666667,0.6111111111111112,1.0,0.0,36,0.3333333333333333,4.0,,0
iforest_absolute,8,development,8,36,0.0,0.0,"{'drift': 0.0, 'noise': 0.0, 'offset': 0.0}",0.4166666666666667,0.6111111111111112,,0.0,36,0.0,,,0
iforest_peer,8,development,9,36,0.08333333333333333,0.0,"{'drift': 0.0, 'noise': 0.25, 'offset': 0.0}",0.4166666666666667,0.6111111111111112,1.0,0.0,36,0.08333333333333333,8.0,,0
lof_absolute,8,development,10,36,0.16666666666666666,0.0,"{'drift': 0.0, 'noise': 0.5, 'offset': 0.0}",0.4166666666666667,0.6111111111111112,1.0,0.0,36,0.16666666666666666,4.0,,0
lof_peer,8,development,11,36,0.7222222222222222,0.5,"{'drift': 0.5, 'noise': 1.0, 'offset': 0.6666666666666666}",0.6111111111111112,0.75,0.8076923076923077,0.16666666666666666,30,0.6666666666666666,4.0,,0
svm_peer,8,development,12,36,0.3888888888888889,0.08333333333333333,"{'drift': 0.08333333333333333, 'noise': 1.0, 'offset': 0.08333333333333333}",0.4722222222222222,0.6111111111111112,1.0,0.0,36,0.3888888888888889,4.0,,0
peer_anchor,8,development,13,36,0.4444444444444444,0.08333333333333333,"{'drift': 0.08333333333333333, 'noise': 1.0, 'offset': 0.25}",0.7222222222222222,0.9444444444444444,1.0,0.0,36,0.4444444444444444,4.0,,0
peer_contrast,8,development,14,36,0.3333333333333333,0.0,"{'drift': 0.0, 'noise': 1.0, 'offset': 0.0}",0.3333333333333333,0.5277777777777778,1.0,0.0,36,0.3333333333333333,4.0,,0
peer_spread,8,challenge,0,24,0.16666666666666666,0.0,"{'drift': 0.0, 'intermittent': 0.0, 'noise': 0.0, 'offset': 0.0, 'stuck': 1.0, 'two_cell': 0.0}",0.2916666666666667,0.5833333333333334,1.0,0.0,24,0.16666666666666666,4.0,0.0,8
peer_ewma,8,challenge,1,24,0.8333333333333334,0.5,"{'drift': 0.75, 'intermittent': 0.75, 'noise': 0.5, 'offset': 1.0, 'stuck': 1.0, 'two_cell': 1.0}",0.4583333333333333,0.7916666666666666,0.45,0.5,12,0.6666666666666666,16.5,0.0,8
peer_cusum,8,challenge,2,24,0.4166666666666667,0.0,"{'drift': 0.25, 'intermittent': 0.25, 'noise': 0.0, 'offset': 0.5, 'stuck': 1.0, 'two_cell': 0.5}",0.3333333333333333,0.75,0.5,0.0,24,0.4166666666666667,33.0,0.0,8
peer_robust,8,challenge,3,24,0.375,0.0,"{'drift': 0.0, 'intermittent': 0.25, 'noise': 1.0, 'offset': 0.0, 'stuck': 1.0, 'two_cell': 0.0}",0.375,0.625,1.0,0.5,12,0.3333333333333333,2.0,0.0,8
peer_multiscale,8,challenge,4,24,0.2916666666666667,0.0,"{'drift': 0.0, 'intermittent': 0.25, 'noise': 0.5, 'offset': 0.0, 'stuck': 0.5, 'two_cell': 0.5}",0.375,0.8333333333333334,0.7142857142857143,0.5,12,0.5833333333333334,4.0,0.0,8
pca_absolute,8,challenge,5,24,0.3333333333333333,0.0,"{'drift': 0.0, 'intermittent': 0.0, 'noise': 1.0, 'offset': 0.0, 'stuck': 1.0, 'two_cell': 0.0}",0.3333333333333333,0.5833333333333334,0.875,0.0,24,0.3333333333333333,3.5,0.0,8
pca_peer,8,challenge,6,24,0.875,0.75,"{'drift': 0.75, 'intermittent': 0.75, 'noise': 1.0, 'offset': 0.75, 'stuck': 1.0, 'two_cell': 1.0}",0.625,0.9583333333333334,0.7142857142857143,1.0,0,,4.0,0.0,8
mahal_absolute,8,challenge,7,24,0.6666666666666666,0.25,"{'drift': 0.25, 'intermittent': 0.25, 'noise': 1.0, 'offset': 0.75, 'stuck': 1.0, 'two_cell': 0.75}",0.375,0.7083333333333334,0.5625,1.0,0,,8.0,0.25,8
iforest_absolute,8,challenge,8,24,0.0,0.0,"{'drift': 0.0, 'intermittent': 0.0, 'noise': 0.0, 'offset': 0.0, 'stuck': 0.0, 'two_cell': 0.0}",0.2916666666666667,0.5833333333333334,,0.0,24,0.0,,0.0,8
iforest_peer,8,challenge,9,24,0.08333333333333333,0.0,"{'drift': 0.0, 'intermittent': 0.0, 'noise': 0.5, 'offset': 0.0, 'stuck': 0.0, 'two_cell': 0.0}",0.2916666666666667,0.5833333333333334,1.0,0.0,24,0.08333333333333333,4.0,0.0,8
lof_absolute,8,challenge,10,24,0.2916666666666667,0.0,"{'drift': 0.0, 'intermittent': 0.0, 'noise': 0.75, 'offset': 0.0, 'stuck': 1.0, 'two_cell': 0.0}",0.3333333333333333,0.5833333333333334,1.0,0.0,24,0.2916666666666667,4.0,0.0,8
lof_peer,8,challenge,11,24,0.9166666666666666,0.75,"{'drift': 0.75, 'intermittent': 1.0, 'noise': 1.0, 'offset': 0.75, 'stuck': 1.0, 'two_cell': 1.0}",0.5416666666666666,0.9166666666666666,0.5909090909090909,1.0,0,,21.0,0.0,8
svm_peer,8,challenge,12,24,0.7916666666666666,0.5,"{'drift': 0.5, 'intermittent': 0.5, 'noise': 1.0, 'offset': 0.75, 'stuck': 1.0, 'two_cell': 1.0}",0.5416666666666666,0.875,0.6842105263157895,0.5,12,0.8333333333333334,4.0,0.0,8
peer_anchor,8,challenge,13,24,0.75,0.5,"{'drift': 0.5, 'intermittent': 0.5, 'noise': 1.0, 'offset': 0.75, 'stuck': 1.0, 'two_cell': 0.75}",0.6666666666666666,0.9166666666666666,0.8333333333333334,0.5,12,0.6666666666666666,5.5,0.0,8
peer_contrast,8,challenge,14,24,0.4583333333333333,0.0,"{'drift': 0.0, 'intermittent': 0.25, 'noise': 1.0, 'offset': 0.25, 'stuck': 1.0, 'two_cell': 0.25}",0.3333333333333333,0.6666666666666666,0.7272727272727273,0.5,12,0.3333333333333333,2.0,0.0,8
peer_spread,9,development,0,36,0.0,0.0,"{'drift': 0.0, 'noise': 0.0, 'offset': 0.0}",0.5555555555555556,0.6388888888888888,,0.0,36,0.0,,,0
peer_ewma,9,development,1,36,0.3888888888888889,0.0,"{'drift': 0.5, 'noise': 0.0, 'offset': 0.6666666666666666}",0.6388888888888888,0.7222222222222222,0.7142857142857143,0.0,36,0.3888888888888889,35.0,,0
peer_cusum,9,development,2,36,0.0,0.0,"{'drift': 0.0, 'noise': 0.0, 'offset': 0.0}",0.5555555555555556,0.6388888888888888,,0.0,36,0.0,,,0
peer_robust,9,development,3,36,0.3611111111111111,0.0,"{'drift': 0.08333333333333333, 'noise': 1.0, 'offset': 0.0}",0.5555555555555556,0.6388888888888888,1.0,0.0,36,0.3611111111111111,4.0,,0
peer_multiscale,9,development,4,36,0.6111111111111112,0.3333333333333333,"{'drift': 0.3333333333333333, 'noise': 1.0, 'offset': 0.5}",0.6944444444444444,0.8611111111111112,0.9090909090909091,0.0,36,0.6111111111111112,4.5,,0
pca_absolute,9,development,5,36,0.16666666666666666,0.0,"{'drift': 0.0, 'noise': 0.5, 'offset': 0.0}",0.3888888888888889,0.4166666666666667,1.0,0.0,36,0.16666666666666666,4.0,,0
pca_peer,9,development,6,36,0.5555555555555556,0.25,"{'drift': 0.25, 'noise': 1.0, 'offset': 0.4166666666666667}",0.75,0.9166666666666666,1.0,0.0,36,0.5555555555555556,4.0,,0
mahal_absolute,9,development,7,36,0.3333333333333333,0.0,"{'drift': 0.0, 'noise': 1.0, 'offset': 0.0}",0.5555555555555556,0.6388888888888888,1.0,0.0,36,0.3333333333333333,4.0,,0
iforest_absolute,9,development,8,36,0.0,0.0,"{'drift': 0.0, 'noise': 0.0, 'offset': 0.0}",0.5555555555555556,0.6388888888888888,,0.0,36,0.0,,,0
iforest_peer,9,development,9,36,0.1111111111111111,0.0,"{'drift': 0.0, 'noise': 0.3333333333333333, 'offset': 0.0}",0.5555555555555556,0.6388888888888888,1.0,0.0,36,0.1111111111111111,52.0,,0
lof_absolute,9,development,10,36,0.1388888888888889,0.0,"{'drift': 0.0, 'noise': 0.4166666666666667, 'offset': 0.0}",0.5555555555555556,0.6388888888888888,1.0,0.0,36,0.1388888888888889,5.0,,0
lof_peer,9,development,11,36,0.5833333333333334,0.25,"{'drift': 0.25, 'noise': 1.0, 'offset': 0.5}",0.6388888888888888,0.75,0.9047619047619048,0.0,36,0.5833333333333334,4.0,,0
svm_peer,9,development,12,36,0.4444444444444444,0.08333333333333333,"{'drift': 0.08333333333333333, 'noise': 1.0, 'offset': 0.25}",0.6111111111111112,0.6666666666666666,1.0,0.0,36,0.4444444444444444,4.0,,0
peer_anchor,9,development,13,36,0.75,0.5,"{'drift': 0.5, 'noise': 1.0, 'offset': 0.75}",0.8055555555555556,1.0,0.9259259259259259,0.0,36,0.75,7.0,,0
peer_contrast,9,development,14,36,0.3333333333333333,0.0,"{'drift': 0.0, 'noise': 1.0, 'offset': 0.0}",0.4166666666666667,0.6666666666666666,1.0,0.0,36,0.3333333333333333,4.0,,0
peer_spread,9,challenge,0,24,0.3333333333333333,0.0,"{'drift': 0.0, 'intermittent': 0.25, 'noise': 0.0, 'offset': 0.25, 'stuck': 1.0, 'two_cell': 0.5}",0.7083333333333334,0.75,1.0,0.0,24,0.3333333333333333,10.0,0.0,8
peer_ewma,9,challenge,1,24,0.5833333333333334,0.0,"{'drift': 0.5, 'intermittent': 0.5, 'noise': 0.0, 'offset': 0.75, 'stuck': 1.0, 'two_cell': 0.75}",0.75,0.7916666666666666,0.8571428571428571,0.0,24,0.5833333333333334,7.0,0.0,8
peer_cusum,9,challenge,2,24,0.2916666666666667,0.0,"{'drift': 0.0, 'intermittent': 0.0, 'noise': 0.0, 'offset': 0.25, 'stuck': 1.0, 'two_cell': 0.5}",0.7083333333333334,0.75,1.0,0.0,24,0.2916666666666667,27.0,0.0,8
peer_robust,9,challenge,3,24,0.5,0.0,"{'drift': 0.0, 'intermittent': 0.5, 'noise': 1.0, 'offset': 0.25, 'stuck': 1.0, 'two_cell': 0.25}",0.7083333333333334,0.75,1.0,0.0,24,0.5,4.0,0.0,8
peer_multiscale,9,challenge,4,24,0.7083333333333334,0.5,"{'drift': 0.5, 'intermittent': 0.5, 'noise': 1.0, 'offset': 0.5, 'stuck': 1.0, 'two_cell': 0.75}",0.7916666666666666,0.875,1.0,0.0,24,0.7083333333333334,5.0,0.0,8
pca_absolute,9,challenge,5,24,0.16666666666666666,0.0,"{'drift': 0.0, 'intermittent': 0.0, 'noise': 0.5, 'offset': 0.0, 'stuck': 0.5, 'two_cell': 0.0}",0.4166666666666667,0.625,1.0,0.0,24,0.16666666666666666,7.0,0.25,8
pca_peer,9,challenge,6,24,0.7083333333333334,0.25,"{'drift': 0.5, 'intermittent': 0.25, 'noise': 1.0, 'offset': 0.5, 'stuck': 1.0, 'two_cell': 1.0}",0.6666666666666666,0.875,0.8235294117647058,0.0,24,0.7083333333333334,4.0,0.0,8
mahal_absolute,9,challenge,7,24,0.5,0.0,"{'drift': 0.25, 'intermittent': 0.0, 'noise': 1.0, 'offset': 0.25, 'stuck': 1.0, 'two_cell': 0.5}",0.75,0.75,1.0,0.0,24,0.5,4.0,0.25,8
iforest_absolute,9,challenge,8,24,0.0,0.0,"{'drift': 0.0, 'intermittent': 0.0, 'noise': 0.0, 'offset': 0.0, 'stuck': 0.0, 'two_cell': 0.0}",0.625,0.75,,0.0,24,0.0,,0.0,8
iforest_peer,9,challenge,9,24,0.0,0.0,"{'drift': 0.0, 'intermittent': 0.0, 'noise': 0.0, 'offset': 0.0, 'stuck': 0.0, 'two_cell': 0.0}",0.625,0.75,,0.0,24,0.0,,0.0,8
lof_absolute,9,challenge,10,24,0.25,0.0,"{'drift': 0.0, 'intermittent': 0.0, 'noise': 0.75, 'offset': 0.0, 'stuck': 0.75, 'two_cell': 0.0}",0.625,0.75,1.0,0.0,24,0.25,5.0,0.0,8
lof_peer,9,challenge,11,24,0.875,0.75,"{'drift': 0.75, 'intermittent': 0.75, 'noise': 1.0, 'offset': 0.75, 'stuck': 1.0, 'two_cell': 1.0}",0.7916666666666666,0.8333333333333334,0.8095238095238095,0.5,12,0.75,4.0,0.0,8
svm_peer,9,challenge,12,24,0.5833333333333334,0.25,"{'drift': 0.25, 'intermittent': 0.5, 'noise': 1.0, 'offset': 0.25, 'stuck': 1.0, 'two_cell': 0.5}",0.75,0.75,1.0,0.0,24,0.5833333333333334,4.0,0.0,8
peer_anchor,9,challenge,13,24,0.875,0.5,"{'drift': 0.75, 'intermittent': 1.0, 'noise': 1.0, 'offset': 0.5, 'stuck': 1.0, 'two_cell': 1.0}",0.9166666666666666,1.0,0.9523809523809523,0.0,24,0.875,6.0,0.0,8
peer_contrast,9,challenge,14,24,0.375,0.0,"{'drift': 0.0, 'intermittent': 0.25, 'noise': 1.0, 'offset': 0.0, 'stuck': 1.0, 'two_cell': 0.0}",0.5,0.625,1.0,0.0,24,0.375,4.0,0.0,8
peer_spread,10,development,0,36,0.0,0.0,"{'drift': 0.0, 'noise': 0.0, 'offset': 0.0}",0.5555555555555556,0.6944444444444444,,0.0,36,0.0,,,0
peer_ewma,10,development,1,36,0.2777777777777778,0.0,"{'drift': 0.3333333333333333, 'noise': 0.0, 'offset': 0.5}",0.6666666666666666,0.75,1.0,0.0,36,0.2777777777777778,13.0,,0
peer_cusum,10,development,2,36,0.0,0.0,"{'drift': 0.0, 'noise': 0.0, 'offset': 0.0}",0.5555555555555556,0.6944444444444444,,0.0,36,0.0,,,0
peer_robust,10,development,3,36,0.3333333333333333,0.0,"{'drift': 0.0, 'noise': 1.0, 'offset': 0.0}",0.5555555555555556,0.6944444444444444,1.0,0.0,36,0.3333333333333333,4.0,,0
peer_multiscale,10,development,4,36,0.5833333333333334,0.3333333333333333,"{'drift': 0.3333333333333333, 'noise': 1.0, 'offset': 0.4166666666666667}",0.75,0.8888888888888888,0.9523809523809523,0.0,36,0.5833333333333334,4.0,,0
pca_absolute,10,development,5,36,0.16666666666666666,0.0,"{'drift': 0.0, 'noise': 0.5, 'offset': 0.0}",0.4166666666666667,0.5,1.0,0.0,36,0.16666666666666666,5.5,,0
pca_peer,10,development,6,36,0.4722222222222222,0.16666666666666666,"{'drift': 0.16666666666666666, 'noise': 1.0, 'offset': 0.25}",0.6666666666666666,0.8888888888888888,0.9411764705882353,0.0,36,0.4722222222222222,4.0,,0
mahal_absolute,10,development,7,36,0.3333333333333333,0.0,"{'drift': 0.0, 'noise': 1.0, 'offset': 0.0}",0.5555555555555556,0.6944444444444444,1.0,0.0,36,0.3333333333333333,4.0,,0
iforest_absolute,10,development,8,36,0.0,0.0,"{'drift': 0.0, 'noise': 0.0, 'offset': 0.0}",0.5555555555555556,0.6944444444444444,,0.0,36,0.0,,,0
iforest_peer,10,development,9,36,0.027777777777777776,0.0,"{'drift': 0.0, 'noise': 0.08333333333333333, 'offset': 0.0}",0.5555555555555556,0.6944444444444444,1.0,0.0,36,0.027777777777777776,18.0,,0
lof_absolute,10,development,10,36,0.1388888888888889,0.0,"{'drift': 0.0, 'noise': 0.4166666666666667, 'offset': 0.0}",0.5555555555555556,0.6944444444444444,1.0,0.0,36,0.1388888888888889,11.0,,0
lof_peer,10,development,11,36,0.6944444444444444,0.5,"{'drift': 0.5, 'noise': 0.8333333333333334, 'offset': 0.75}",0.6666666666666666,0.8888888888888888,0.76,0.16666666666666666,30,0.6333333333333333,4.0,,0
svm_peer,10,development,12,36,0.3888888888888889,0.0,"{'drift': 0.0, 'noise': 1.0, 'offset': 0.16666666666666666}",0.6111111111111112,0.7222222222222222,1.0,0.0,36,0.3888888888888889,4.0,,0
peer_anchor,10,development,13,36,0.6388888888888888,0.4166666666666667,"{'drift': 0.4166666666666667, 'noise': 1.0, 'offset': 0.5}",0.8055555555555556,0.9166666666666666,1.0,0.0,36,0.6388888888888888,5.0,,0
peer_contrast,10,development,14,36,0.3333333333333333,0.0,"{'drift': 0.0, 'noise': 1.0, 'offset': 0.0}",0.4166666666666667,0.5833333333333334,1.0,0.0,36,0.3333333333333333,4.0,,0
peer_spread,10,challenge,0,24,0.16666666666666666,0.0,"{'drift': 0.0, 'intermittent': 0.0, 'noise': 0.0, 'offset': 0.0, 'stuck': 1.0, 'two_cell': 0.0}",0.375,0.75,1.0,0.0,24,0.16666666666666666,23.5,0.0,8
peer_ewma,10,challenge,1,24,0.75,0.0,"{'drift': 0.5, 'intermittent': 1.0, 'noise': 0.0, 'offset': 1.0, 'stuck': 1.0, 'two_cell': 1.0}",0.7083333333333334,0.875,0.7222222222222222,0.0,24,0.75,8.5,0.0,8
peer_cusum,10,challenge,2,24,0.16666666666666666,0.0,"{'drift': 0.0, 'intermittent': 0.0, 'noise': 0.0, 'offset': 0.0, 'stuck': 1.0, 'two_cell': 0.0}",0.375,0.75,1.0,0.0,24,0.16666666666666666,21.0,0.0,8
peer_robust,10,challenge,3,24,0.375,0.0,"{'drift': 0.25, 'intermittent': 0.0, 'noise': 1.0, 'offset': 0.0, 'stuck': 1.0, 'two_cell': 0.0}",0.375,0.75,1.0,0.0,24,0.375,4.0,0.0,8
peer_multiscale,10,challenge,4,24,0.625,0.25,"{'drift': 0.5, 'intermittent': 0.25, 'noise': 1.0, 'offset': 0.5, 'stuck': 1.0, 'two_cell': 0.5}",0.7916666666666666,0.9583333333333334,1.0,0.0,24,0.625,7.0,0.0,8
pca_absolute,10,challenge,5,24,0.16666666666666666,0.0,"{'drift': 0.0, 'intermittent': 0.0, 'noise': 0.5, 'offset': 0.0, 'stuck': 0.5, 'two_cell': 0.0}",0.4166666666666667,0.5833333333333334,1.0,0.0,24,0.16666666666666666,6.0,0.0,8
pca_peer,10,challenge,6,24,0.6666666666666666,0.25,"{'drift': 0.75, 'intermittent': 0.25, 'noise': 1.0, 'offset': 0.5, 'stuck': 1.0, 'two_cell': 0.5}",0.6666666666666666,0.9166666666666666,0.75,0.0,24,0.6666666666666666,4.0,0.0,8
mahal_absolute,10,challenge,7,24,0.4583333333333333,0.0,"{'drift': 0.25, 'intermittent': 0.0, 'noise': 1.0, 'offset': 0.0, 'stuck': 1.0, 'two_cell': 0.5}",0.4583333333333333,0.7916666666666666,0.9090909090909091,0.0,24,0.4583333333333333,4.0,0.125,8
iforest_absolute,10,challenge,8,24,0.0,0.0,"{'drift': 0.0, 'intermittent': 0.0, 'noise': 0.0, 'offset': 0.0, 'stuck': 0.0, 'two_cell': 0.0}",0.375,0.75,,0.0,24,0.0,,0.0,8
iforest_peer,10,challenge,9,24,0.08333333333333333,0.0,"{'drift': 0.0, 'intermittent': 0.0, 'noise': 0.5, 'offset': 0.0, 'stuck': 0.0, 'two_cell': 0.0}",0.375,0.75,1.0,0.0,24,0.08333333333333333,32.5,0.0,8
lof_absolute,10,challenge,10,24,0.25,0.0,"{'drift': 0.0, 'intermittent': 0.0, 'noise': 0.5, 'offset': 0.0, 'stuck': 1.0, 'two_cell': 0.0}",0.375,0.75,1.0,0.0,24,0.25,5.5,0.0,8
lof_peer,10,challenge,11,24,1.0,1.0,"{'drift': 1.0, 'intermittent': 1.0, 'noise': 1.0, 'offset': 1.0, 'stuck': 1.0, 'two_cell': 1.0}",0.7083333333333334,0.9166666666666666,0.7083333333333334,1.0,0,,4.0,0.0,8
svm_peer,10,challenge,12,24,0.625,0.25,"{'drift': 0.5, 'intermittent': 0.25, 'noise': 1.0, 'offset': 0.5, 'stuck': 1.0, 'two_cell': 0.5}",0.5833333333333334,0.7916666666666666,0.9333333333333333,0.0,24,0.625,4.0,0.0,8
peer_anchor,10,challenge,13,24,0.7916666666666666,0.5,"{'drift': 0.5, 'intermittent': 0.5, 'noise': 1.0, 'offset': 0.75, 'stuck': 1.0, 'two_cell': 1.0}",0.7916666666666666,0.9583333333333334,0.9473684210526315,0.0,24,0.7916666666666666,7.0,0.0,8
peer_contrast,10,challenge,14,24,0.3333333333333333,0.0,"{'drift': 0.0, 'intermittent': 0.0, 'noise': 1.0, 'offset': 0.0, 'stuck': 1.0, 'two_cell': 0.0}",0.375,0.7083333333333334,1.0,0.0,24,0.3333333333333333,4.0,0.0,8
