scenario,entity,method,fit_available,fit_used,calibration_samples,validation_samples,test_samples,channels,window_size,threshold,scale_fallback_features,validation_alarm_rate,test_normal_alarm_rate,test_alarm_intervals,seconds,n_samples,anomaly_samples,tp,fp,fn,tn,precision,recall,f1,normal_false_positive_rate,events_total,events_detected,event_recall,detected_event_delays,mean_detected_event_delay,false_alarm_intervals
battery,6,robust,10427,6000,3476,3478,9127,8,256,10.746288046006018,0,0.0,0.0018626054563383367,11,1.898,,,,,,,,,,,,,,,,
battery,6,lof,10427,6000,3476,3478,9127,8,256,2.0818516942326784,0,0.0020126509488211618,0.008655637120631094,42,2.64,,,,,,,,,,,,,,,,
battery,6,iforest,10427,6000,3476,3478,9127,8,256,0.5936149696676688,0,0.0,0.0,0,2.447,,,,,,,,,,,,,,,,
battery,6,pca,10427,6000,3476,3478,9127,8,256,0.874884602755727,0,0.0,0.00010956502684343158,1,2.22,,,,,,,,,,,,,,,,
battery,8,robust,9215,6000,3072,3074,11147,8,256,12.533174082768682,0,0.0,0.0014353637750067283,9,2.376,,,,,,,,,,,,,,,,
battery,8,lof,9215,6000,3072,3074,11147,8,256,1.9901118292210633,0,0.0068314899154196486,0.1845339553243025,388,2.687,,,,,,,,,,,,,,,,
battery,8,iforest,9215,6000,3072,3074,11147,8,256,0.608466964832769,0,0.0,0.0,0,2.709,,,,,,,,,,,,,,,,
battery,8,pca,9215,6000,3072,3074,11147,8,256,0.9426315960939619,0,0.0,0.021530456625100922,105,2.242,,,,,,,,,,,,,,,,
battery,9,robust,12848,6000,4282,4285,5093,8,256,8.108421194871607,0,0.0,0.00019634792852935403,1,1.86,,,,,,,,,,,,,,,,
battery,9,lof,12848,6000,4282,4285,5093,8,256,2.0110927031169337,0,0.0,0.0009817396426467701,3,2.225,,,,,,,,,,,,,,,,
battery,9,iforest,12848,6000,4282,4285,5093,8,256,0.5848647750100618,0,0.0,0.00019634792852935403,1,2.155,,,,,,,,,,,,,,,,
battery,9,pca,12848,6000,4282,4285,5093,8,256,0.6603313796896357,0,0.0,0.0015707834282348322,4,1.908,,,,,,,,,,,,,,,,
battery,10,robust,15219,6000,5073,5075,1141,8,256,8.532085172935584,0,0.0,0.0,0,1.605,,,,,,,,,,,,,,,,
battery,10,lof,15219,6000,5073,5075,1141,8,256,2.0032090426344955,0,0.002955665024630542,0.08238387379491674,32,1.941,,,,,,,,,,,,,,,,
battery,10,iforest,15219,6000,5073,5075,1141,8,256,0.5898489124184126,0,0.0,0.0,0,1.825,,,,,,,,,,,,,,,,
battery,10,pca,15219,6000,5073,5075,1141,8,256,0.8724399984057792,0,0.0,0.0,0,1.523,,,,,,,,,,,,,,,,
smd,machine-1-1,robust,17087,6000,5696,5696,28479,38,1,24.297556706353912,3,0.0,,,0.129,28479,2694,2512,7403,182,18382,0.2533535047907211,0.9324424647364514,0.39844555476247123,0.2871049059530735,8,7,0.875,"[5, 7, 6, 0, 0, 0, 0]",2.5714285714285716,21
smd,machine-1-1,lof,17087,6000,5696,5696,28479,38,1,5.406264764811752,3,0.0,,,2.059,28479,2694,1950,4996,744,20789,0.28073711488626546,0.7238307349665924,0.4045643153526971,0.1937560597246461,8,7,0.875,"[28, 7, 3, 0, 0, 0, 0]",5.428571428571429,103
smd,machine-1-1,iforest,17087,6000,5696,5696,28479,38,1,0.720746780987772,3,0.0,,,0.731,28479,2694,410,348,2284,25437,0.5408970976253298,0.15219005196733482,0.23754345307068364,0.013496218731820825,8,4,0.5,"[374, 344, 295, 555]",392.0,38
smd,machine-1-1,pca,17087,6000,5696,5696,28479,38,1,0.7983487429995874,3,0.0007022471910112359,,,0.335,28479,2694,2235,11385,459,14400,0.16409691629955947,0.8296213808463252,0.2739977933063626,0.44153577661431065,8,8,1.0,"[28, 11, 0, 0, 0, 0, 0, 0]",4.875,23
smd,machine-2-1,robust,14215,6000,4739,4739,23694,38,1,15.776030543992386,7,0.0,,,0.113,23694,1170,64,0,1106,22524,1.0,0.0547008547008547,0.10372771474878444,0.0,13,3,0.23076923076923078,"[10, 8, 10]",9.333333333333334,0
smd,machine-2-1,lof,14215,6000,4739,4739,23694,38,1,1.7233218375855945,7,0.0,,,1.814,23694,1170,195,76,975,22448,0.7195571955719557,0.16666666666666666,0.27064538514920194,0.0033741786538803056,13,6,0.46153846153846156,"[9, 8, 70, 9, 10, 11]",19.5,27
smd,machine-2-1,iforest,14215,6000,4739,4739,23694,38,1,0.5693838861391883,7,0.0,,,0.695,23694,1170,15,10,1155,22514,0.6,0.01282051282051282,0.025104602510460254,0.0004439708755105665,13,2,0.15384615384615385,"[8, 10]",9.0,4
smd,machine-2-1,pca,14215,6000,4739,4739,23694,38,1,0.1997801662342241,7,0.0,,,0.296,23694,1170,31,11,1139,22513,0.7380952380952381,0.026495726495726495,0.05115511551155116,0.0004883679630616231,13,3,0.23076923076923078,"[15, 8, 10]",11.0,6
smd,machine-3-1,robust,17220,6000,5740,5740,28700,38,1,1294.99039432125,4,0.0,,,0.143,28700,308,40,2,268,28390,0.9523809523809523,0.12987012987012986,0.22857142857142854,7.044237813468582e-05,4,1,0.25,[23],23.0,1
smd,machine-3-1,lof,17220,6000,5740,5740,28700,38,1,1.7016707772522206,4,0.0,,,1.986,28700,308,163,8012,145,20380,0.019938837920489297,0.5292207792207793,0.03842980077802664,0.28219216680755144,4,4,1.0,"[8, 29, 6, 0]",10.75,902
smd,machine-3-1,iforest,17220,6000,5740,5740,28700,38,1,0.606959646980827,4,0.0,,,0.724,28700,308,111,2848,197,25544,0.03751267320040554,0.36038961038961037,0.06795224977043159,0.10030994646379261,4,1,0.25,[4],4.0,444
smd,machine-3-1,pca,17220,6000,5740,5740,28700,38,1,21.657998116882577,4,0.0,,,0.242,28700,308,82,0,226,28392,1.0,0.2662337662337662,0.4205128205128205,0.0,4,1,0.25,[8],8.0,0
